Gene Name,Residue Range,Repository,Protein Coverage,Full Protein Length,Full Protein Length,Number of DVD Missense Variants,Number of Variants W/ Coverage,Percent Disordered (PONDER),% Sequence Identity,Poor Rotamers,Clash Score, Original Outliers, Original Favored,MolProbity Score,Energy After FFX Minimization 0.8 (Kcal/mol),Energy After FFX Minimization 0.1 (Kcal/mol),MolProbity Score After FFX Minimization 0.1 (Kcal/mol),FFX Poor Rotamers,FFX Clash Score, FFX Outliers, FFX Favored,FFX MolProbity Score,Final Energy (Kcal/mol)
ACTG1,2-375,MODBASE,373,375,375,140,138,27.47,94,2.21,41.67,0.27,99.46,2.36,-16095.86812,-16800.71823,0.76,1.89,0,0,98.92,0.71,-16919.89122
ADCY1,288-477,MODBASE,391,1119,1119,238,64,20.64,74,2.44,55.59,0.53,97.87,2.54,-8160.623612,-8630.381381,1.03,1.22,0,0,95.21,0.9,-8758.456317
ADCY1,855-1057,SWISSMODEL,,,1119,,,,42.65,4,8.13,4.48,90.05,2.45,-8507.871694,-8940.166011,1.27,1.71,0,1.49,93.53,1.1,-9004.611027
AIFM1,122-611,MODBASE,489,613,613,132,72,33.44,95,1.74,40.78,0.2,98.36,2.27,-20925.26463,-22155.8069,1.04,0.74,0,0.2,95.29,0.83,-22227.10986
ALMS1,3992-4150,MODBASE,158,4168,4168,1862,89,52.09,16,6.21,201.82,2.55,90.45,3.9,-7731.672739,-8335.425254,1.58,5.52,0,2.55,87.9,1.67,-8383.553075
ATP2B2,364-948,SWISSMODEL,1040,1243,1243,308,262,38.7,36.4,2.17,7.71,1.54,89.88,2.23,-23907.0424,-25431.27119,0.96,0.39,0,0.69,94.17,0.89,-25502.08513
ATP2B2,49-1086,SWISSMODEL,,,1243,,,,29.99,3.42,4.59,3.47,87.84,2.24,-41790.1206,-44978.13382,1.26,2.51,0.06,1.25,91.7,1.33,-45041.73749
ATP2B2,49-1089,SWISSMODEL,,,1243,,,,30,3.19,4.26,2.41,89.7,2.15,-42612.58374,-45177.35631,1.1,1.82,0,1.54,90.95,1.22,-45130.04725
ATP6V1B1,42-497,SWISSMODEL,459,513,513,237,207,25.15,77.02,0.52,6.18,0.66,94.71,1.7,-19376.7119,-20300.91152,1.15,1.29,0.28,0.44,94.93,1.04,-20325.82204
ATP6V1B1,49-501,MODBASE,,,513,,,,57,3.65,87.65,1.11,95.34,3.16,-19140.93124,-20149.24044,1.47,2.6,0,1.55,93.13,1.26,-20274.24367
BDP1,247-376,SWISSMODEL,205,2624,2624,1006,121,80.3,37.1,0.85,4.21,2.34,86.72,1.83,-6161.708653,-6409.994956,1.15,0.85,0,0,92.97,0.95,-6439.73757
BDP1,864-1069,MODBASE,,,2624,,,,28,5.43,124.33,1.47,97.55,3.21,-11302.64671,-12069.65149,1.21,3.8,0,0,95.59,1.25,-12098.04942
BSND,240-313,MODBASE,73,320,320,145,33,51.56,28,1.61,71.11,1.39,97.22,2.62,-4105.853372,-4269.127914,0.95,1.61,0,0,93.06,1.1,-4305.939493
CABP2,71-220,MODBASE,149,220,220,106,79,56.82,78,0,46.55,0,98.65,2.15,-7773.496001,-8053.599644,0.65,0.78,0,0,98.65,0.5,-8105.858991
CABP2,72-220,SWISSMODEL,,,220,,,,77.85,6.3,2.99,0,97.96,1.71,-7879.94818,-8094.947479,0.5,0,0,0,98.64,0.5,-8130.212661
CABP2,73-218,SWISSMODEL,,,220,,,,38.62,8.87,5.22,1.39,95.83,2.29,-7431.790008,-7759.716031,0.64,0.81,0,0,97.92,0.52,-7805.444427
CABP2,73-219,SWISSMODEL,,,220,,,,44.06,1.6,1.3,1.38,94.48,1.39,-7642.123375,-7836.76249,0.5,0,0,0,97.93,0.52,-7839.684
CABP2,76-216,SWISSMODEL,,,220,,,,44.06,1.68,2.72,2.16,92.09,1.71,-7306.474591,-7515.515272,0.8,0,0.45,1.44,97.12,0.82,-7534.056115
CACNA1D,1548-1622,MODBASE,74,2161,2161,592,15,29.01,93,3.08,50.75,0,95.89,2.84,-3392.782306,-3521.380239,0.64,0,0,0,95.89,0.78,-3544.72782
CACNA1D,1549-1622,SWISSMODEL,,,2161,,,,94.81,3.08,0,0,100,0.87,-3418.60648,-3529.256794,0.5,0,0,0,100,0.5,-3535.794926
CCDC50,77-159,MODBASE,82,306,306,193,30,61.44,35,5.48,82.14,0,95.06,3.29,-4932.083644,-5110.97891,0.83,1.37,0,0,95.06,0.95,-5165.749139
CD164,56-105,MODBASE,49,197,197,104,25,38.58,26,0,121.64,2.08,93.75,2.96,-2036.108107,-2137.850177,0.91,2.13,0,2.08,95.83,1.04,-2159.470063
CDC14A,11-343,MODBASE,332,594,594,239,123,28.62,67,2.08,72.05,0.91,96.07,2.84,-14382.7591,-15374.61271,1.53,3.82,0,0.91,94.56,1.31,-15526.89088
CDC14A,15-343,SWISSMODEL,,,594,,,,66.77,2.11,4.29,1.22,93.58,1.88,-14707.84437,-15285.55488,1.23,2.81,0,0.61,93.88,1.25,-15318.89728
CDH23,1107-1626,SWISSMODEL,2768,3354,3354,2017,1460,25.19,28.68,0,4.16,0.58,93.63,1.62,-24391.44537,-25339.8779,0.88,0.45,0,0.39,93.63,0.92,-25458.38717
CDH23,1321-1846,SWISSMODEL,,,3354,,,,31.14,0.44,7.97,2.48,89.5,2,-24475.87212,-25681.1653,1.02,0.66,0,1.15,91.41,1.01,-25750.00321
CDH23,1424-1953,SWISSMODEL,,,3354,,,,31.21,0.65,6.28,0.95,91.86,1.84,-25304.08589,-26836.1338,0.96,0.43,0,1.52,93.18,0.94,-26868.44232
CDH23,2211-2699,SWISSMODEL,,,3354,,,,34.26,0.24,5.37,0.82,93.22,1.73,-22811.90257,-23864.14585,0.93,0.24,0,0.82,93.63,0.92,-23959.17213
CDH23,240-772,SWISSMODEL,,,3354,,,,28.54,0.43,4.51,2.45,91.71,1.72,-23024.63944,-24197.97229,0.98,1.07,0,1.13,92.66,0.98,-24278.43723
CDH23,2503-2603,MODBASE,,,3354,,,,35,1.14,91.82,2.02,90.91,2.99,-4297.131838,-4472.976341,1.37,2.27,0,1.01,89.9,1.32,-4518.59955
CDH23,2506-3051,SWISSMODEL,,,3354,,,,23.65,0.42,5.75,1.65,92.65,1.78,-23327.9871,-24598.83201,1.06,1.26,0,1.29,93.57,1,-24699.7528
CDH23,375-879,SWISSMODEL,,,3354,,,,33.54,2.68,7.97,2.78,87.87,2.36,-22035.26019,-23708.32738,1.27,1.79,0,1.19,91.05,1.21,-23748.16208
CDH23,782-1308,SWISSMODEL,,,3354,,,,28.66,1.52,1.12,1.14,93.52,1.38,-22585.78541,-23709.86787,0.99,1.08,0,0.38,95.24,0.86,-23810.20639
CDH23,887-1408,SWISSMODEL,,,3354,,,,26.4,3.79,0.5,2.88,87.88,1.72,-21387.14407,-22494.11847,1.25,2.23,0,1.92,92.12,1.25,-22569.53401
CDH23,894-1417,SWISSMODEL,,,3354,,,,25.15,3.33,7.86,3.45,88.12,2.42,-21311.5203,-22694.74661,1.11,0.67,0,0.96,90.61,1.03,-22767.11377
CDH23,905-1413,SWISSMODEL,,,3354,,,,31.48,0.69,5.52,2.17,91.52,1.8,-22301.54394,-23434.73427,0.97,0.92,0,0.59,92.5,0.97,-23487.81917
CDH23,997-1528,SWISSMODEL,,,3354,,,,23.87,1.1,7.75,3.77,91.32,1.96,-22806.57232,-23832.91427,0.91,0.66,0,0.94,93.58,0.92,-23896.38876
CEACAM16,20-118,MODBASE,401,425,425,200,195,22.12,37,1.22,55.06,0,95.88,2.57,-3994.184173,-4148.354623,0.94,3.66,0,0,96.91,1.11,-4163.71721
CEACAM16,20-421,SWISSMODEL,,,425,,,,16.34,1.47,4.58,3.5,89.5,1.92,-14857.09863,-15826.30734,1.22,2.36,0,2.5,91.5,1.29,-15858.61725
CEACAM16-Dimer,19-422,SWISSMODEL,403,425,425,,,,19.43,1.77,12.57,4.1,87.19,2.42,-29164.79672,-31765.27323,1.33,2.95,0.08,1.87,91.42,1.4,-31738.98842
CEACAM16-Dimer,27-422,SWISSMODEL,,,425,,,,21.26,1.2,10.73,3.3,88.83,2.19,-28921.57772,-31112.67569,1.18,1.35,0.17,1.4,92.77,1.12,-31200.04657
CIB2,139-174,MODBASE,179,187,187,85,80,32.09,52,3.33,98.11,0,97.06,3.02,-2189.085233,-2235.28176,1.06,0,0,0,97.06,0.67,-2239.217536
CIB2,8-187,SWISSMODEL,,,187,,,,38.71,1.22,3.12,3.93,91.01,1.69,-8802.869383,-9129.184609,1.14,1.22,0,1.69,95.51,0.88,-9158.318136
CIB2,9-187,SWISSMODEL,,,187,,,,39.33,3.07,3.84,1.69,93.79,1.95,-8757.106504,-9133.423975,0.97,1.84,0,1.13,96.61,0.92,-9142.423742
CISD2,68-133,MODBASE,65,135,135,35,8,7.41,97,3.33,29.92,1.56,92.19,2.84,-3208.37855,-3295.384764,1.38,1.67,0,0,92.19,1.15,-3311.940731
CLDN14,4-183,SWISSMODEL,180,239,239,124,91,18.83,45.36,1.36,4.34,1.12,97.75,1.37,-5385.07266,-5687.029117,0.65,0.68,0,0.56,96.63,0.72,-5711.896769
CLDN14,4-184,MODBASE,,,239,,,,43,2.7,85.67,3.35,94.97,3.08,-5109.823788,-5540.93631,1.29,0,0.36,3.35,91.62,1.13,-5632.884058
CLIC5,162-409,MODBASE,247,410,410,155,49,27.8,78,1.42,63.67,0.81,95.93,2.67,-11551.14273,-12155.55173,1.14,0.94,0,0.41,97.15,0.65,-12269.96434
CLPP,74-245,MODBASE,171,277,277,82,49,39.35,58,2.76,76.35,0,97.65,2.76,-6754.552348,-7067.700782,1.35,4.83,0,0,95.29,1.35,-7103.422113
CLRN1,99-213,MODBASE,114,232,232,134,79,2.59,31,4,120.43,0.88,89.38,3.57,-3651.625267,-3962.146335,1.64,4,0,0,88.5,1.55,-4016.478644
COCH,162-387,SWISSMODEL,439,550,550,214,185,13.27,23.47,0.52,10.24,4.46,87.95,2.13,-9177.865676,-9618.881819,1.1,2.09,0,1.79,92.86,1.2,-9645.222668
COCH,162-544,SWISSMODEL,,,550,,,,25.68,1.87,2.37,2.36,89.5,1.79,-15705.36245,-16585.07278,1.01,1.56,0,1.57,92.13,1.13,-16649.59882
COCH,266-503,SWISSMODEL,,,550,,,,14.56,2.46,11.51,2.12,93.64,2.29,-9283.222976,-9748.687849,1.28,2.96,0,2.54,94.07,1.26,-9764.97505
COCH,27-125,MODBASE,,,550,,,,98,2.5,70.1,1.03,93.81,3.03,-3659.315011,-3843.470463,1.78,5,0.69,0,90.72,1.78,-3868.523491
COL11A1,1500-1532,MODBASE,194,1806,1806,723,66,67.05,62,4.76,38.65,0,100,2.58,-1222.533977,-1263.82363,1.22,0,0,0,96.77,0.7,-1271.961962
COL11A1,67-229,SWISSMODEL,,,1806,,,,28.85,0,10.88,2.48,90.06,2.1,-7224.921797,-7487.306749,0.88,0,0,0.62,94.41,0.88,-7500.580574
COL11A1-Trimer,1595-1805,SWISSMODEL,210,1806,1806,,,,44.3,0.18,3.18,2.72,90.72,1.64,-29011.07772,-30536.25845,1.07,1.07,0,1.28,90.56,1.06,-30608.27673
COL11A2,46-192,SWISSMODEL,177,1736,1736,644,71,77.07,31.69,3.31,6.87,5.52,88.28,2.37,-5528.005988,-5770.242611,1.5,4.13,0,4.83,86.9,1.59,-5783.025912
COL11A2,919-950,MODBASE,,,1736,,,,63,0,46.39,0,93.33,2.58,-1201.329327,-1269.0503,1.05,5.26,0,0,90,1.6,-1284.631111
COL11A2-Trimer,1542-1735,SWISSMODEL,193,1736,1736,,,,46.63,1,3.65,2.26,91.49,1.66,-26654.76011,-27959.53599,1.04,1.2,0,1.56,90.8,1.09,-28017.98945
COL2A1,969-1000,MODBASE,31,1487,1487,637,19,79.83,97,0,27.59,0,100,1.93,-1166.619469,-1225.358327,0.71,5,0,0,93.33,1.46,-1247.055376
COL2A1-Trimer,1248-1487,SWISSMODEL,239,1487,1487,,,,68.72,1.78,2.8,0.99,94.51,1.64,-33839.57573,-35210.14747,1.05,1.13,0,0.7,94.23,0.93,-35383.79316
COL4A3,637-674,MODBASE,37,1670,1670,635,14,73.95,86,0,23.31,0,100,1.86,-1333.203569,-1371.4161,1.32,0,0,0,94.44,0.88,-1375.131097
COL4A4,1465-1688,MODBASE,223,1690,1690,683,93,76.51,73,0.53,50.91,0.9,95.05,2.53,-8666.35604,-9087.339776,1.09,0.53,0,0.9,94.14,0.9,-9175.961083
COL4A5,1461-1683,MODBASE,222,1685,1685,716,81,81.84,84,2.63,38.68,0.45,97.29,2.52,-8494.087982,-8928.029753,0.93,0.53,0,0,95.93,0.78,-9001.870135
COL4A6,1466-1689,MODBASE,223,1691,1691,435,63,67.24,78,2.07,41.5,0.45,95.05,2.68,-8416.797264,-8927.432239,0.98,1.04,0,0.45,95.5,0.83,-8987.94002
COL4A6-Hexamer,1467-1689,SWISSMODEL,222,1691,1691,,,,65.16,1.04,4.5,0.9,94.12,1.64,-52381.80701,-54949.33564,0.91,1.56,0.05,1.28,94.49,1.04,-54965.54217
COL9A1,363-392,MODBASE,29,921,921,395,7,68.08,63,5.26,10.26,0,100,2.08,-1085.200614,-1143.754303,0.74,0,0,0,96.43,0.74,-1140.122415
COL9A2,33-79,MODBASE,46,689,689,260,15,90.42,68,0,26.55,0,97.78,1.96,-2055.167771,-2116.940215,0.55,0,0,0,95.56,0.81,-2123.722359
CRYM,4-314,MODBASE,310,314,314,111,107,33.44,30,2.36,0,1.29,93.2,3.28,-12367.55526,-13118.15597,1.54,4.33,0,0.65,91.59,1.48,-13220.35278
DCDC2,129-226,MODBASE,205,476,476,196,94,54.41,96,1.16,54.04,0,96.88,2.45,-4310.758403,-4495.833928,0.55,1.16,0,0,100,0.55,-4545.304945
DCDC2,15-123,SWISSMODEL,,,476,,,,31.25,5.38,18.22,3.74,83.18,3,-4650.710559,-4883.037936,1.65,4.3,0,3.74,87.85,1.58,-4906.982021
DIABLO,67-239,MODBASE,172,239,239,116,79,34.73,99,3.38,44.82,0.58,96.49,2.76,-8041.052566,-8487.799914,0.83,0.68,0,0,98.25,0.5,-8591.042085
DIAPH1,762-1215,MODBASE,813,1272,1272,377,206,51.42,97,4.13,44.35,1.33,94.91,2.94,-22098.48374,-23210.05246,1.36,3.64,0,0.22,95.8,1.22,-23358.67639
DIAPH1,92-452,SWISSMODEL,,1272,1272,,,,94.26,10.67,0.68,0.56,93.59,1.93,-16982.34453,-17763.76099,1.1,2.44,0,0.28,95.26,1.12,-17823.43257
DIAPH1-Dimer,142-483,SWISSMODEL,341,1272,1272,,,,94.3,5.86,0.82,0.15,97.21,1.48,-33400.70635,-34578.23415,0.5,0.81,0,0,97.94,0.51,-34668.15414
DIAPH3,122-479,SWISSMODEL,820,1193,1193,448,301,40.15,50.4,4.55,4.1,1.69,92.7,2.15,-16786.32519,-17572.86509,0.99,1.52,0,0.28,96.63,0.85,-17635.74137
DIAPH3,633-1078,SWISSMODEL,,,1193,,,,59.73,4.06,4.69,2.25,91.22,2.22,-21919.74116,-23014.66448,1.08,1.43,0,0.9,94.59,0.99,-23168.42222
DIAPH3,916-1096,MODBASE,,,1193,,,,15,2.99,91.18,0.56,96.65,3,-9348.953339,-9892.771301,1.07,1.8,0,0.56,94.97,1.04,-9999.639323
DIAPH3-Dimer,173-511,SWISSMODEL,754,1193,1193,,,,49.6,2.88,1.18,0.74,94.51,1.56,-32558.65486,-33838.60497,0.87,0.8,0,0.3,96.44,0.74,-33949.54069
DIAPH3-Dimer,637-1053,SWISSMODEL,,,1193,,,,31.54,2.27,6.4,1.69,93.37,2.05,-41250.90186,-43453.89607,0.79,0.5,0.14,0.48,95.3,0.88,-43599.45904
DSPP,88-318,MODBASE,230,1301,1301,414,79,87.62,30,3.26,140.58,6.11,82.53,3.7,-12328.88422,-13102.14334,1.74,2.72,0,3.06,79.48,1.57,-13123.68782
EDN3,42-91,MODBASE,73,238,238,126,42,35.29,24,0,24.19,2.08,91.67,2.37,-2258.57853,-2333.522516,0.89,0,0,0,93.75,0.91,-2367.874236
EDN3,97-121,SWISSMODEL,,,238,,,,44,0,0,4.35,82.61,1.2,-1098.660481,-1158.051604,0.5,0,0,0,95.65,0.8,-1156.489663
EDNRB,105-402,MODBASE,297,442,442,233,106,20.36,30,1.88,130.3,3.04,93.24,3.22,-9457.524067,-10511.20664,1.49,4.51,0,1.69,91.22,1.51,-10589.23976
ELMOD3,277-312,SWISSMODEL,35,381,381,164,16,30.18,36.11,6.25,1.69,0,88.24,2.12,-1423.190772,-1472.352736,1.01,0,0,0,94.12,0.9,-1483.045651
EPS8,699-788,MODBASE,89,822,822,328,37,50,97,0,51.58,1.14,96.59,2.41,-3756.627406,-3881.431744,0.56,0,0,0,97.73,0.56,-3909.234636
EPS8-Dimer,59-188,SWISSMODEL,129,822,822,,,,44.29,0.83,3.4,0.78,96.88,1.32,-12611.43375,-13007.13976,0.77,0,0,0,96.09,0.77,-13017.2013
EPS8L2,611-698,MODBASE,87,715,715,327,37,47.83,97,1.28,47.01,0,97.67,2.3,-4135.367402,-4295.216896,1.04,0,0,0,96.51,0.73,-4343.056196
EPS8L2-Dimer,46-175,SWISSMODEL,184,715,715,,,,45.71,3.23,2.16,0.78,95.31,1.7,-12837.81493,-13296.3047,0.95,0.81,0,0,92.97,0.95,-13329.33568
EPS8L2-Dimer,495-550,SWISSMODEL,,,715,,,,63.79,5.21,4.36,0,99.07,1.76,-5608.715033,-5763.311025,0.97,1.04,0,0,99.07,0.51,-5800.206163
ESPN,1-330,MODBASE,324,854,854,393,126,56.56,85,2,38.75,0,98.17,2.3,-14391.4758,-14866.00005,0.73,1.6,0,0,99.09,0.66,-14931.8353
ESPN,1-331,SWISSMODEL,,,854,,,,84.66,1.2,2.06,0.3,96.96,1.21,-14472.53129,-14887.19556,0.5,0,0,0,98.18,0.5,-14916.481
ESPN,75-325,SWISSMODEL,,,854,,,,39.59,1.03,6.54,0,93.98,1.77,-10938.03282,-11303.85619,0.78,0,0,0,95.58,0.81,-11336.41977
ESPN,90-324,SWISSMODEL,,,854,,,,35.24,0.55,5.84,2.15,95.71,1.62,-10238.65887,-10638.37782,0.72,0.55,0.29,0.43,98.28,0.61,-10659.53195
ESRRB,100-429,SWISSMODEL,332,433,433,205,122,31.41,36.53,2.08,6.33,3.66,88.41,2.18,-14868.94688,-15526.67837,1.13,1.04,0,1.22,90.85,1.04,-15556.17378
ESRRB,100-432,SWISSMODEL,,,433,,,,36.76,1.03,5.71,2.42,91.84,1.81,-14774.04446,-15450.20215,0.93,0.69,0,0.91,92.45,0.97,-15497.018
ESRRB,101-431,SWISSMODEL,,,433,,,,35.98,1.38,7.62,1.52,92.1,2.01,-14899.17817,-15711.67825,0.93,1.04,0.19,1.22,93.01,1.03,-15734.16299
ESRRB,102-429,SWISSMODEL,,,433,,,,35.16,1.74,3,2.76,91.1,1.79,-14802.81201,-15410.85384,1.17,1.74,0,1.84,92.64,1.15,-15488.65774
ESRRB,102-430,SWISSMODEL,,,433,,,,32.61,0.35,7.11,2.14,91.13,1.91,-14512.62042,-15221.4258,0.92,1.39,0,0.92,94.19,1,-15256.7134
ESRRB,99-430,SWISSMODEL,,,433,,,,27.03,1.72,3.33,1.21,92.73,1.76,-14609.3477,-15298.78294,0.98,1.03,0,0.61,94.24,0.9,-15357.71647
ESRRB,99-431,SWISSMODEL,,,433,,,,27.03,0.69,5.91,0.91,94.26,1.71,-14988.55911,-15699.0307,0.94,1.03,0,1.21,95.17,0.85,-15782.58011
ESRRB-Dimer,209-430,SWISSMODEL,221,433,433,,,,79.57,1.02,0.27,0,98.64,0.61,-20082.22873,-20549.36218,0.81,0.51,0.27,0,96.82,0.8,-20615.46612
EYA1,322-592,MODBASE,270,592,592,239,95,45.1,85,0.87,58.03,0.74,95.17,2.57,-11383.47417,-12128.80122,0.95,0.87,0,0.37,95.54,0.81,-12281.43281
EYA4,369-639,MODBASE,270,639,639,229,79,51.64,82,2.16,51.02,0.37,95.54,2.75,-11545.12696,-12210.03094,0.8,0.43,0,0.37,96.28,0.75,-12327.92382
FGF3,38-86,MODBASE,48,239,239,107,11,54.39,53,0,87.58,0,93.62,2.83,-1965.900965,-2059.035218,1.73,2.5,0,4.26,93.62,1.22,-2085.723771
FGF3-Dimer,34-196,SWISSMODEL,162,239,239,,,,44.44,2.56,1.14,1.57,91.54,1.64,-14359.06999,-14975.36538,1,1.1,0,0.31,93.1,0.97,-15034.82032
FGFR1,288-771,MODBASE,483,822,822,374,193,31.75,30,2.59,120.34,2.49,92.32,3.33,-19802.51418,-21199.26231,1.57,3.54,0,1.66,91.49,1.42,-21460.85724
FGFR2,479-801,MODBASE,322,821,821,339,71,21.19,30,3.85,152.48,3.12,87.85,3.69,-13668.07423,-14933.7881,1.59,3.85,0.39,1.56,88.79,1.67,-15020.35885
FOXI1,121-212,SWISSMODEL,99,378,378,158,38,58.73,67.39,3.7,1.37,1.11,90,1.85,-4245.862472,-4397.700365,0.88,1.23,0,1.11,94.44,0.95,-4398.658474
FOXI1,122-220,SWISSMODEL,,,378,,,,56.57,2.27,0.62,2.06,86.6,1.61,-5186.869415,-5335.026473,1.12,1.14,0,3.09,91.75,1.04,-5375.175959
GIPC3,105-198,MODBASE,128,312,312,144,59,46.47,57,3.75,47.75,0,96.74,2.8,-4472.995927,-4620.653158,0.94,0,0,0,95.65,0.8,-4679.225157
GIPC3,70-193,SWISSMODEL,,,312,,,,18.1,1.9,7.74,2.46,90.98,2.16,-5419.674007,-5648.877042,0.89,0.95,0,0,93.44,0.93,-5653.882612
GIPC3-Dimer,37-306,SWISSMODEL,269,312,312,,,,68.15,1.34,1.32,0.56,95.9,1.24,-24916.74549,-25787.2001,0.81,0.67,0,0.37,96.08,0.77,-25856.15242
GJB2-Hexamer,2-226,SWISSMODEL,224,226,226,330,329,1.11,100,13.61,4.72,1.02,89,2.68,-42166.11425,-46283.76386,1.18,1.11,0,0.51,95.18,0.87,3222.761469
GJB3,2-213,MODBASE,211,270,270,188,150,20.37,58,2.12,83.69,2.38,92.38,3.11,-7705.752392,-8438.040447,1.09,0.53,0,0.95,94.29,0.89,-8523.545855
GJB6,2-217,MODBASE,215,261,261,122,94,20.69,79,3.06,87.49,1.4,91.59,3.28,-7833.481171,-8596.777172,1.29,2.04,0,1.87,93.93,1.14,-8699.706563
GPR98 (ADGRV1),3254-3579,SWISSMODEL,701,6306,6306,2456,263,,18.45,0.35,13.47,1.23,87.04,2.26,-12294.55666,-13098.57165,1.43,2.43,0,0.31,90.12,1.34,-13159.67923
GPR98 (ADGRV1),4270-4339,MODBASE,,,6306,,,,39,1.75,69.98,2.94,92.65,2.96,-3093.617458,-3248.252212,1.67,3.51,0,1.47,86.76,1.54,-3302.163097
GPR98 (ADGRV1),5593-5900,SWISSMODEL,,,6306,,,,13.49,2.58,21.1,3.27,90.2,2.68,-12773.4142,-13359.38439,1.54,4.43,0.21,1.31,93.14,1.51,-13419.71609
GPSM2,117-648,MODBASE,340,684,684,231,180,29.82,97,5.66,52.45,1.51,95.47,3.08,-23631.5746,-24904.72089,1.38,3.49,0,0.57,94.53,1.29,-25193.32471
GPSM2,169-509,SWISSMODEL,,,684,,,,34.42,2.78,2.42,2.06,90.86,1.89,-15950.78567,-16647.66265,0.96,0.69,0,0.59,92.92,0.95,-16716.6443
GRHL2,248-489,MODBASE,241,625,625,207,74,26.72,82,5.05,47.45,0.83,96.25,2.94,-10926.09673,-11606.36782,1.37,2.29,0,1.25,95.42,1.09,-11718.01272
GRXCR1,231-288,MODBASE,57,290,290,145,24,38.62,38,1.96,68.6,1.79,83.93,3.21,-2450.97429,-2558.615716,1.29,3.92,0,3.57,83.93,1.63,-2605.749595
GRXCR1-Heteromer,91-218,SWISSMODEL,127,290,290,,,,25.23,3.11,1.45,2.39,91.43,1.76,-22461.95811,-23695.11552,0.95,0.44,0,1.2,93.63,0.92,-23762.36825
GRXCR2,187-247,MODBASE,53,248,248,123,30,43.95,38,3.85,56.37,1.69,93.22,3.11,-2673.306826,-2766.753246,1.22,1.92,0,0,93.22,1.15,-2789.446751
GRXCR2,195-240,SWISSMODEL,,,248,,,,39.39,0,13.43,2.27,75,2.43,-2350.181847,-2452.196183,1.29,0,0,2.27,77.27,1.27,-2442.840974
GSDME (DFNA5),17-125,MODBASE,108,496,496,250,42,12.3,32,2.04,80.16,0.93,85.98,3.25,-4572.647146,-4871.329834,1.47,1.02,0,1.87,87.85,1.11,-4910.864941
HARS2,55-502,MODBASE,447,506,506,192,174,23.91,80,5.68,77.41,1.35,95.29,3.26,-19109.02764,-20327.75304,1.59,3.1,0.14,0.9,93.05,1.37,-20522.59135
HARS2-Dimer,54-502,SWISSMODEL,448,506,506,,,,77.87,0.39,0.9,0.56,96.2,1.03,-41206.8226,-42456.7843,0.67,0.64,0,0.22,97.2,0.65,-42575.74523
HGF,104-723,SWISSMODEL,687,728,728,208,196,12.77,28.3,1.82,8.42,3.88,85.28,2.31,-26789.57644,-28746.00781,1.46,2.37,0,1.62,90.13,1.33,-28790.75198
HGF,128-720,SWISSMODEL,,,728,,,,42.54,2.48,3.38,1.86,92.05,1.91,-26310.95101,-27667.71144,1.34,2.1,0.22,0.51,92.39,1.3,-27701.15587
HGF,200-725,SWISSMODEL,,,728,,,,26.78,1.72,8.72,4.39,88.17,2.24,-22816.06348,-24281.69068,1.22,1.72,0,1.91,89.5,1.24,-24431.93032
HGF,210-288,MODBASE,,,728,,,,53,1.37,48.45,0,94.81,2.62,-4183.649844,-4346.090144,1.49,4.11,0,0,93.51,1.39,-4359.488279
HGF,210-469,SWISSMODEL,,,728,,,,47.76,2.95,4.99,2.33,91.47,2.12,-12744.38279,-13228.46428,1.09,0.84,0,0.78,89.92,1.05,-13296.22005
HGF,305-720,SWISSMODEL,,,728,,,,36.07,1.38,6.38,3.38,87.92,2.06,-17517.624,-18755.17559,1.1,0.55,0.16,0.97,90.82,1.09,-18807.02866
HGF,38-722,SWISSMODEL,,,728,,,,40.81,1.15,5.9,1.02,92.68,1.83,-30590.94196,-32087.0378,1.04,0.82,0,0.73,92.24,0.98,-32159.76917
HOMER2,1-128,MODBASE,318,354,354,147,125,48.87,82,2.65,32.96,0.79,97.62,2.4,-5558.274148,-5824.379869,1.02,1.77,0,0,97.62,0.77,-5877.249855
HOMER2,1-142,SWISSMODEL,,,354,,,,77.48,0,0.45,0,97.14,0.81,-6322.141212,-6470.515418,0.74,0,0,0.71,96.43,0.74,-6492.84725
HOMER2,173-301,SWISSMODEL,,,354,,,,15.08,0.83,5.14,0,97.64,1.35,-7330.054724,-7572.124154,0.58,0,0,0,98.43,0.5,-7588.771323
HOMER2,178-341,SWISSMODEL,,,354,,,,15.79,0.65,1.45,1.85,91.98,1.37,-9254.208237,-9639.230607,1.06,0.65,0,0.62,90.74,1.03,-9684.813094
HOMER2,179-307,SWISSMODEL,,,354,,,,21.71,1.64,0.93,1.57,93.7,1.36,-7472.924887,-7687.801074,0.74,1.64,0,0,97.64,0.74,-7738.624072
HOMER2,179-337,SWISSMODEL,,,354,,,,18.35,1.32,4.47,2.55,92.99,1.77,-9071.761964,-9340.016302,1.07,0.66,0,0,91.72,1,-9402.828333
HOMER2,182-345,SWISSMODEL,,,354,,,,17.61,0,5.05,0.62,95.68,1.57,-9688.884557,-9955.888364,0.82,0,0,0,96.3,0.75,-9973.964812
HOMER2,184-320,SWISSMODEL,,,354,,,,12.41,1.54,1.74,0.74,93.33,1.51,-8141.611653,-8384.756395,0.55,0.77,0,0,97.04,0.67,-8405.778036
HOMER2,189-316,SWISSMODEL,,,354,,,,10.16,0.83,1.41,0,96.83,1.07,-7565.579856,-7737.125832,0.58,0.83,0,0,99.21,0.5,-7760.582568
HOMER2,189-333,SWISSMODEL,,,354,,,,16.31,2.17,0.82,0.7,94.41,1.39,-8360.116072,-8603.179023,0.52,0.72,0,0.7,97.2,0.65,-8658.588886
HOMER2,218-350,SWISSMODEL,,,354,,,,18.9,0,6.22,0.76,96.95,1.52,-8226.061136,-8457.839642,0.65,1.56,0,0,99.24,0.65,-8474.483935
HSD17B4,3-304,MODBASE,301,736,736,362,158,21.2,92,3.36,50.82,0,98,2.58,-12922.93692,-13513.90893,1.08,0.84,0,0.33,96.67,0.71,-13626.81984
HSD17B4-Dimer,5-606,SWISSMODEL,601,736,736,,,,54.48,1.35,3.97,1.92,91.25,1.79,-49290.79214,-52486.69845,1.15,1.35,0.16,0.75,94.17,1.06,-52671.91831
ILDR1,24-155,MODBASE,142,546,546,301,95,45.79,18,2.54,83.29,0,92.31,3.17,-5393.050475,-5812.988231,1.26,1.69,0,1.54,90,1.22,-5888.803446
ILDR1,24-166,SWISSMODEL,,,546,,,,22.41,2.33,8.75,7.8,80.85,2.47,-6223.81754,-6549.311205,1.26,2.33,0,2.13,89.36,1.34,-6551.44054
KARS,124-595,MODBASE,471,597,597,282,189,25.63,20,5.3,153.33,2.98,91.28,3.71,-20476.23232,-21885.30268,1.78,6.27,0,1.06,88.51,1.69,-22024.1479
KCNE1,1-129,MODBASE,128,129,129,91,90,22.48,98,3.48,35.44,0.79,96.85,2.63,-5157.131932,-5418.335526,0.69,1.74,0,0,96.06,0.95,-5480.138106
KCNJ10,27-348,MODBASE,321,379,379,137,111,26.91,44,2.12,88.16,1.25,95,3.01,-11841.25646,-12757.30777,1.12,1.77,0,0.62,94.38,1.07,-12971.09261
KCNJ10-Tetramer,26-343,SWISSMODEL,317,379,379,,,,43.13,0.36,8.48,1.27,94.7,1.82,-49492.05978,-52525.99397,0.97,1.08,0.2,0.32,94.62,0.97,-52624.88549
KCNJ10-Tetramer,28-338,SWISSMODEL,,,379,,,,45.02,2.47,3.42,2.02,93.45,1.86,-47479.15702,-50674.47593,1.04,1.56,0,0.4,93.69,1.06,-50941.7934
KCNQ1,352-535,MODBASE,183,676,676,543,128,35.65,97,7.14,45.66,0.55,98.35,2.79,-7901.48786,-8287.997507,1.53,2.98,0,0,95.05,1.2,-8417.189561
KCNQ4,317-369,MODBASE,289,695,695,272,102,42.73,46,2.27,47.03,0,98.04,2.42,-2222.054933,-2302.707254,0.77,0,0,0,98.04,0.5,-2340.35665
KCNQ4,80-328,SWISSMODEL,,,695,,,,24.58,0.97,5.46,0.4,96.76,1.5,-8543.282649,-8981.37191,0.59,0,0,0,98.79,0.5,-9002.391926
KITLG,35-166,MODBASE,131,273,273,96,29,24.54,80,3.15,50,0.77,96.15,2.82,-5854.879358,-6138.195466,1.43,3.15,0,0,94.62,1.25,-6186.31989
LARS2,50-902,SWISSMODEL,852,903,903,316,304,15.17,37,0.95,0.67,1.53,92.83,1.17,-35950.26949,-37451.96463,0.96,1.09,0,0.59,93.89,0.94,-37519.62211
LARS2,55-835,SWISSMODEL,,,903,,,,23.32,2.24,0.89,3.08,89.09,1.61,-32531.02165,-34038.91409,1.2,1.79,0.08,1.67,91.14,1.24,-33988.55003
LARS2,60-901,MODBASE,,,903,,,,39,3.04,130.5,2.5,90,3.49,-32663.96787,-36217.24122,1.57,4.28,0,1.31,89.29,1.55,-36443.1519
LHFPL5,131-190,MODBASE,59,219,219,101,28,8.22,34,2.17,57.21,1.72,96.55,2.71,-2199.092978,-2286.102128,0.98,2.17,0,0,96.55,0.98,-2313.814889
LOXHD1,1253-1371,SWISSMODEL,1069,2067,2067,657,326,16.21,32.41,2.94,10.42,1.71,93.16,2.33,-5715.042846,-5943.662838,0.94,0,0,0.85,93.16,0.94,-5961.18137
LOXHD1,1591-1784,SWISSMODEL,,,2067,,,,12.78,1.16,14.44,3.12,90.62,2.25,-8879.859296,-9282.349792,1.05,1.16,0,2.6,91.15,1.06,-9306.842913
LOXHD1,173-281,SWISSMODEL,,,2067,,,,35.34,2.25,19.52,1.87,73.83,2.86,-5567.954014,-5823.651836,1.39,1.12,0,0.93,84.11,1.21,-5837.289796
LOXHD1,1861-2065,SWISSMODEL,,,2067,,,,25.97,2.22,3.63,3.45,90.15,1.96,-9032.354892,-9545.294035,0.94,0,0,0.99,94.09,0.9,-9621.853602
LOXHD1,1888-2057,SWISSMODEL,,,2067,,,,32.69,2.68,12.79,1.79,87.5,2.55,-7601.603653,-8004.682444,0.87,0.67,0,0.6,94.64,0.87,-8028.688181
LOXHD1,275-384,MODBASE,,,1947,,,,38,2.13,82.75,0.93,87.96,3.24,-5388.916134,-5670.658941,1.39,0,0,0,85.19,1.16,-5736.959621
LOXHD1,297-430,SWISSMODEL,,,2067,,,,32.06,0,5.55,2.27,93.18,1.74,-5506.008169,-5722.752064,0.82,0,0,0.76,95.45,0.82,-5731.044408
LOXHD1,554-685,SWISSMODEL,,,2067,,,,31.97,0,6.8,2.31,91.54,1.88,-6692.697478,-6910.216957,0.87,0,0,0.77,93.08,0.94,-6941.608211
LOXHD1,781-935,SWISSMODEL,,,2067,,,,28.87,0.74,2.81,3.27,92.16,1.55,-7237.932024,-7518.213112,1.06,2.22,0,0.65,93.46,1.19,-7516.264746
LOXHD1,816-947,SWISSMODEL,,,2067,,,,29.17,0,9.56,1.54,90,2.05,-6291.13357,-6478.685952,0.91,0,0,0.77,93.85,0.91,-6493.644087
LOXL3,167-527,SWISSMODEL,678,753,753,296,276,14.74,32.93,1.41,9.89,2.51,89.97,2.18,-14710.23581,-15648.87484,1.03,0.7,0,1.67,93.31,0.93,-15690.37776
LOXL3,184-388,SWISSMODEL,,,753,,,,37.78,4.4,5.94,3.94,88.67,2.4,-8099.56408,-8588.350496,1.23,1.89,0,1.48,92.61,1.17,-8609.369493
LOXL3,307-744,SWISSMODEL,,,753,,,,63.82,8.31,3.76,1.15,93.12,2.31,-19944.74078,-21403.8723,1.23,2.22,0,0.69,94.5,1.14,-21472.73752
LOXL3,42-408,SWISSMODEL,,,753,,,,30.49,1.71,4.38,4.93,83.56,2.08,-15337.45707,-16366.54727,1.25,1.37,0,3.29,89.04,1.18,-16396.54444
LOXL3,43-144,MODBASE,,,753,,,,48,2.47,80.13,4,93,3.12,-4605.898846,-4807.800765,1.06,2.47,0,1,93,1.25,-4830.314764
LRTOMT,118-287,SWISSMODEL,216,291,291,246,143,17.87,26.38,0.72,2.23,1.79,92.86,1.45,-6833.859129,-7081.913456,1.4,3.6,0,1.19,92.26,1.4,-7112.788667
LRTOMT,75-290,SWISSMODEL,,,291,,,,39.25,0,5.61,0,94.86,1.66,-8886.910036,-9198.578243,0.79,0.56,0,0.93,95.79,0.79,-9250.559295
LRTOMT,76-290,SWISSMODEL,,,291,,,,37.67,0,2.66,0.47,94.84,1.41,-8725.889243,-9016.469918,0.69,1.13,0,0.47,96.71,0.75,-9040.885835
LRTOMT,77-290,SWISSMODEL,,,291,,,,38.6,0,4.17,0.47,92.45,1.67,-8760.979099,-9069.394209,0.84,1.14,0,0.47,95.28,0.87,-9099.923594
LRTOMT,79-291,MODBASE,,,291,,,,39,1.15,86.07,0.95,95.73,2.74,-8470.371,-8949.118466,1.26,4.6,0,0.95,94.31,1.39,-9039.093487
MARVELD2,442-551,MODBASE,109,558,558,253,42,37.46,30,1.9,62.63,0.93,98.15,2.48,-6246.619085,-6505.817884,1.26,3.81,0,1.85,96.3,1.19,-6593.96049
MCM2,189-821,SWISSMODEL,616,904,904,390,253,39.16,52.25,0.73,3.02,1.9,91.28,1.6,-27240.82398,-28719.04038,1.2,2.2,0,1.27,92.23,1.24,-28883.93463
MCM2,192-805,SWISSMODEL,,,904,,,,37.1,3.02,1.04,1.14,90.85,1.69,-27107.94792,-28360.62249,1.21,1.89,0,0.98,92.97,1.16,-28427.32125
MCM2,199-798,MODBASE,,,904,,,,39,4.26,92.25,1.51,95.32,3.24,-25159.5151,-27253.39354,1.42,1.55,0,1,92.64,1.11,-27492.89433
MET,1082-1380,MODBASE,1173,1390,1390,510,424,13.81,39,1.13,100.4,2.02,94.28,2.9,-12426.36428,-13306.25289,1.45,1.89,0,1.68,91.25,1.22,-13390.96486
MET,44-919,SWISSMODEL,,,1390,,,,25.63,1.77,4.1,4.81,85.47,2.03,-34865.682,-37224.30593,1.3,1.52,0,1.26,89.7,1.2,-37452.35779
MITF,323-402,MODBASE,79,526,526,243,17,64.26,96,4.11,35.23,0,100,2.5,-4301.53712,-4437.475644,0.94,0,0,0,98.72,0.5,-4477.608688
MITF-Dimer,324-402,SWISSMODEL,78,526,526,,,,97.5,0,0.37,0,99.35,0.63,-8691.330223,-8917.458676,0.5,0,0,0,98.7,0.5,-8958.676369
MSRB3,36-171,SWISSMODEL,135,192,192,71,35,25,53.68,6.72,7.2,5.97,78.36,2.78,-6116.727888,-6461.351383,1.44,3.36,0,2.24,85.07,1.56,-6440.725473
MSRB3,41-167,MODBASE,,,192,,,,58,2.7,47.37,0,96,2.76,-5823.794587,-6026.762685,1.21,2.7,0,0,95.2,1.16,-6074.232021
MYH14,15-863,SWISSMODEL,984,1995,1995,903,401,65.76,46.75,6.79,1.54,1.77,92.8,1.99,-36828.71839,-39053.54092,1.1,1.39,0,1.18,94.69,0.97,-39251.6387
MYH14,17-863,SWISSMODEL,,,1995,,,,46.8,6.94,1.84,2.25,92.54,2.05,-36762.29135,-38791.50552,1.16,1.94,0,1.3,94.2,1.11,-39080.3746
MYH14,18-863,SWISSMODEL,,,1995,,,,47.22,5.01,0.96,2.49,91.47,1.82,-37086.66933,-38963.95436,1.12,1.53,0,0.95,93.84,1.05,-39116.26087
MYH14,18-983,SWISSMODEL,,,1995,,,,38.38,1.47,1.16,3.63,86.72,1.58,-42927.10907,-45386.20391,1.15,0.98,0,1.97,92.32,0.97,-45619.23808
MYH14,18-985,SWISSMODEL,,,1995,,,,38.38,2.32,1.68,3.52,86.44,1.83,-43098.82604,-45828.74248,1.22,1.46,0.13,1.86,90.99,1.2,-45878.50799
MYH14,21-860,SWISSMODEL,,,1995,,,,50,6.44,5.28,2.74,89.62,2.46,-33826.44637,-38446.87068,1.43,4.2,0,1.43,92.48,1.44,-38511.8531
MYH14,21-862,SWISSMODEL,,,1995,,,,49.88,2.37,2.82,1.9,92.98,1.8,-37322.038,-39010.23282,0.94,1.26,0,1.07,94.29,0.96,-39078.34531
MYH14,22-947,SWISSMODEL,,,1995,,,,69.32,1.28,1.48,1.52,92.86,1.42,-41912.86024,-43632.81519,0.87,0.77,0.07,1.08,94.59,0.9,-43756.53476
MYH14,22-954,SWISSMODEL,,,1995,,,,68.82,6.2,0.33,1.83,92.91,1.68,-42074.65963,-44173.67311,1.09,2.03,0,0.75,96.03,1.01,-44297.87178
MYH14,24-983,SWISSMODEL,,,1995,,,,68.34,6.39,1.04,2.3,89.67,1.97,-43333.54017,-45603.94263,1.26,2.7,0,1.25,93.32,1.26,-45836.82732
MYH14,46-832,MODBASE,,,1995,,,,76,4.91,110.75,2.55,91.46,3.54,-33827.51159,-36678.78593,1.5,3.42,0.16,1.27,92.74,1.43,-36806.16146
MYH14,804-955,SWISSMODEL,,,1995,,,,17.49,0,0.8,4,90.67,1.28,-7308.226159,-7540.131655,0.82,0,0,2,96,0.77,-7613.999932
MYH14,804-957,SWISSMODEL,,,1995,,,,17.49,1.56,3.15,1.97,91.45,1.76,-7430.332927,-7720.37239,0.62,0,0,0.66,97.37,0.62,-7775.435626
MYH9,1-895,SWISSMODEL,960,1960,1960,704,283,51.22,83.46,6.91,0.41,1.34,93.06,1.73,-40874.1952,-42881.90095,1.18,2.56,0,0.34,95.18,1.15,-43224.09593
MYH9,3-836,SWISSMODEL,,,1960,,,,52.32,7.16,2.73,1.92,91.35,2.22,-37113.74482,-39272.09324,1.41,3.99,0,1.2,93.27,1.39,-39398.77523
MYH9,3-838,SWISSMODEL,,,1960,,,,52.44,2.2,1.77,1.68,94.12,1.59,-37995.78468,-39632.65399,0.81,0.96,0,0.6,95.08,0.84,-39856.15186
MYH9,3-839,SWISSMODEL,,,1960,,,,49.09,4.39,1.4,1.44,92.93,1.81,-37891.89131,-39589.30085,1.14,2.47,0,0.72,95.57,1.11,-39763.08932
MYH9,3-930,SWISSMODEL,,,1960,,,,80.04,13.7,1.79,1.3,92.76,2.26,-42488.87562,-45297.07311,1.06,1.23,0,0.54,95.36,0.89,-45482.91673
MYH9,3-959,SWISSMODEL,,,1960,,,,78.68,8.6,1.03,2.3,89.53,2.07,-44553.70531,-47062.36585,1.33,3.7,0,0.73,93.72,1.35,-46912.41175
MYH9,3-961,SWISSMODEL,,,1960,,,,41.4,3.34,0.71,2.4,88.3,1.72,-44363.08587,-46939.11265,1.22,1.67,0,1.67,92.27,1.15,-47112.65346
MYH9,4-822,SWISSMODEL,,,1960,,,,81.76,0.98,0.45,0.73,94.86,1.01,-37633.44288,-39197.35277,0.87,0.7,0,0.24,95.1,0.84,-39341.73159
MYH9,6-808,MODBASE,,,1960,,,,84,3.72,81.41,1.5,92.38,3.29,-35717.78713,-38131.05964,1.28,2.87,0,0.62,95.26,1.18,-38513.51789
MYO15A,1215-1973,SWISSMODEL,683,3530,3530,1620,368,38.22,39.66,1.2,2.51,1.45,94.06,1.49,-32732.13915,-34298.37465,0.86,0.3,0.08,0.4,94.98,0.88,-34414.5299
MYO15A,1217-1946,SWISSMODEL,,,3530,,,,43.25,0.47,3.3,1.24,94.51,1.5,-31766.6396,-32980.29799,0.92,1.25,0,0.69,95.6,0.88,-32980.55259
MYO15A,1217-1949,SWISSMODEL,,,3530,,,,37.71,1.86,2.19,2.05,92.61,1.66,-31584.53233,-32967.28131,0.93,0.78,0,0.82,94.8,0.86,-33085.17917
MYO15A,1217-1960,SWISSMODEL,,,3530,,,,35.3,1.98,2.73,1.75,94.47,1.66,-31898.34706,-33449.89204,0.93,1.07,0,0.81,94.61,0.89,-33583.02911
MYO15A,1217-1971,SWISSMODEL,,,3530,,,,38.45,3.16,4.39,2.39,92.16,2.08,-32178.53178,-33808.06298,1.03,1.05,0.08,1.06,93.76,0.96,-33927.40083
MYO15A,1217-1976,SWISSMODEL,,,3530,,,,38.33,5.83,1.69,4.49,87.07,2.12,-31936.38863,-34021.86388,1.23,2.39,0.08,0.92,91.42,1.33,-34070.23974
MYO15A,1224-1898,MODBASE,,,3530,,,,44,2.69,110.88,3.57,91.68,3.33,-27856.11292,-29912.1328,1.54,3.87,0,2.08,91.38,1.45,-30070.82125
MYO15A,1224-1972,SWISSMODEL,,,3530,,,,41.5,3.33,1.8,2.14,91.03,1.85,-31233.6945,-33305.02478,1.1,1.82,0,0.94,93.44,1.13,-33390.90714
MYO3A,293-1084,SWISSMODEL,1599,1616,1616,648,456,26.05,36.35,1.56,7.09,1.9,92.15,2.02,-34859.61705,-36539.30334,0.96,0.71,0,1.01,94.43,0.88,-36639.39712
MYO3A,337-1105,SWISSMODEL,,,1616,,,,35.23,4.54,3.86,2.74,91,2.19,-32598.4601,-34730.07873,1.35,3.66,0,1.04,93.48,1.36,-35047.4509
MYO3A,337-1121,SWISSMODEL,,,1616,,,,31.73,2.44,1.81,2.81,91.19,1.75,-34283.28105,-35919.60125,0.99,1,0,0.89,94.51,0.88,-36029.26436
MYO3A,337-1134,SWISSMODEL,,,1616,,,,33.46,1.55,0.93,1.38,93.22,1.36,-35604.19597,-36975.27292,0.84,0.84,0.08,0.5,95.23,0.86,-37039.84244
MYO3A,337-1141,SWISSMODEL,,,1616,,,,34.16,2.23,2.15,2.37,91.41,1.76,-35112.18784,-37130.30864,1.06,1.81,0,0.62,93.52,1.12,-37088.28086
MYO3A,337-1144,SWISSMODEL,,,1616,,,,34.29,4.87,4.13,2.73,88.59,2.3,-34309.49726,-36963.82015,1.13,1.25,0,0.87,92.43,1.04,-37189.39224
MYO3A,341-1141,SWISSMODEL,,,1616,,,,36.42,1.68,3.01,1.88,91.99,1.75,-34880.48435,-36801.20701,0.89,0.98,0,0.38,94.99,0.85,-36959.64659
MYO3A,9-292,MODBASE,,,1616,,,,53,4.4,75.4,0.71,93.62,3.26,-12719.8832,-13350.97833,1.57,4.8,0.22,0.35,93.26,1.54,-13445.28741
MYO6,1-768,MODBASE,960,1294,1294,433,302,26.89,41,3.55,122.72,1.96,93.34,3.4,-33402.75262,-36526.90365,1.38,2.36,0,0.91,92.95,1.23,-36924.8344
MYO6,1166-1294,SWISSMODEL,,,1294,,,,94.57,26.79,3.72,4.72,84.25,2.92,-5982.263477,-6450.744299,1.56,5.36,0,0.79,92.91,1.51,-6479.485485
MYO6,2-825,SWISSMODEL,,,1294,,,,98.25,7.26,0.45,0.49,97.08,1.48,-38294.58483,-39987.49029,1,1.23,0,0.49,96.72,0.78,-40215.76537
MYO6,4-819,SWISSMODEL,,,1294,,,,97.92,4.16,1.37,0.61,96.07,1.61,-37813.07376,-39539.63616,0.96,1.11,0,0.25,96.68,0.74,-39722.29792
MYO6,61-833,MODBASE,,,1294,,,,42,6.55,139.62,3.63,90.79,3.75,-14162.08456,-36330.98636,1.72,3.49,0.16,1.69,91.05,1.49,-36786.67099
MYO7A,2-792,SWISSMODEL,1550,2215,2215,1174,879,21.58,36.43,5.29,2.74,2.28,92.27,2.09,-34567.67259,-36480.30572,1.43,3.15,0,0.89,93.79,1.29,-36594.65467
MYO7A,2-800,SWISSMODEL,,,2215,,,,36.24,1.13,4.1,1,93.98,1.64,-35215.32141,-37157.14909,0.83,1.42,0,0.5,96.24,0.87,-37243.86571
MYO7A,3-800,SWISSMODEL,,,2215,,,,36.88,6.68,5.35,2.51,91.21,2.43,-34400.83923,-36976.89182,1.2,1.14,0,1.13,92.96,0.99,-37168.59551
MYO7A,3-801,SWISSMODEL,,,2215,,,,36.57,6.38,3.64,2.01,90.84,2.29,-34816.3632,-37060.97023,1.01,1.42,0,0.88,94.1,1.01,-37198.42555
MYO7A,3-859,SWISSMODEL,,,2215,,,,40.07,1.72,2.15,0.7,94.04,1.57,-38082.79086,-39829.53707,0.74,0.8,0.07,0.7,96.49,0.76,-39912.58882
MYO7A,35-861,SWISSMODEL,,,2215,,,,42.79,1.79,2.15,0.97,93.45,1.61,-36245.95145,-38404.18769,0.75,0.69,0,0.61,96.73,0.71,-38554.77083
MYO7A,56-874,SWISSMODEL,,,2215,,,,40.08,3.47,0.74,2.33,90.82,1.67,-36058.68476,-37676.65818,0.9,0.69,0.07,0.49,94.61,0.9,-37787.06062
MYO7A,993-1686,MODBASE,,,2215,,,,98,4.49,66.25,0.58,96.1,3.05,-28861.4254,-31112.56186,1.25,2.66,0,0.14,95.52,1.13,-31460.79833
NARS2,28-476,MODBASE,448,477,477,223,206,13.21,35,4.31,109.51,2.46,90.38,3.53,-18930.08776,-20391.12038,1.38,2.54,0,0.89,91.05,1.33,-20500.28596
NARS2-Dimer,24-476,SWISSMODEL,473,477,477,,,,30.52,0.63,8.26,2,91.01,1.97,-39334.62256,-41667.3679,1.15,1.26,0.07,1.44,92.9,1.06,-41771.9342
NARS2-Dimer,3-474,SWISSMODEL,,,477,,,,18.89,1.33,3.66,1.49,89.15,1.82,-40516.59978,-42944.20643,1.13,1.69,0,1.17,90.64,1.2,-43131.52364
NLRP3,699-1031,SWISSMODEL,332,1036,1036,427,127,17.86,39.16,1.67,8.7,0,95.17,1.97,-13151.49695,-13737.0321,1.1,2,0,0.3,95.17,1.06,-13800.50253
NLRP3,725-897,MODBASE,,,1036,,,,48,0.65,65.32,1.75,97.08,2.45,-6555.979238,-6964.854009,0.75,1.31,0,0.58,97.66,0.66,-7059.456429
OPA1,262-707,SWISSMODEL,447,960,960,387,175,25.94,22.35,0.75,5.48,1.35,91.89,1.79,-20127.18792,-21156.85438,0.99,1,0.14,1.13,93.69,0.97,-21168.48367
OPA1,262-709,SWISSMODEL,,,960,,,,26.51,0.5,6.44,1.57,94.84,1.71,-20217.91973,-21312.74549,0.87,1.73,0,0.45,94.39,1.06,-21382.7775
OPA1,272-577,MODBASE,,,960,,,,27,2.59,112.97,2.3,93.09,3.28,-12921.65642,-13781.72961,1.41,2.59,0,0.66,93.75,1.23,-13886.1061
OPA1-Dimer,261-706,SWISSMODEL,445,960,960,,,,24.7,1,5.27,2.25,92.22,1.76,-39892.71627,-42147.88185,0.98,0.87,0.14,0.79,93.91,0.96,-42168.81713
OPA1-Tetramer,262-707,SWISSMODEL,445,960,960,,,,23.74,1.43,5.45,1.91,92.06,1.9,-80139.23627,-84573.26169,0.93,0.81,1.76,0.9,93.02,1.38,-83370.59909
OSBPL2,59-480,SWISSMODEL,421,480,480,149,126,30.42,35.5,1.86,2.35,2.14,92.38,1.69,-19582.91475,-20421.15354,1.24,2.13,0,1.19,91.9,1.24,-20470.54771
OSBPL2,60-480,MODBASE,,,480,,,,38,2.67,105.26,3.58,90.21,3.35,-18445.65778,-19877.41971,1.64,1.6,0.29,1.67,88.78,1.35,-20083.09753
OSBPL2,84-116,SWISSMODEL,,,480,,,,36.36,0,7.29,3.23,77.42,2.17,-1363.630198,-1425.670322,0.92,0,0,3.23,93.55,0.92,-1428.606681
OTOA,1-533,MODBASE,532,1153,1153,352,323,20.21,14,3.4,137.94,1.32,93.97,3.41,-20815.35081,-22472.08693,1.41,4.26,0.12,0.94,93.79,1.44,-22702.07674
OTOF,1-124,MODBASE,692,1997,1997,1108,590,30.1,91,2.65,46.12,0.82,95.08,2.8,-5804.219134,-5996.714818,1.1,2.65,0,0,95.9,1.1,-6024.712856
OTOF,250-542,SWISSMODEL,,,1997,,,,18.4,3.05,11.43,2.75,89.35,2.51,-12824.47544,-13545.3162,1.43,2.67,0,2.06,89.69,1.38,-13566.42904
OTOF,251-543,SWISSMODEL,,,1997,,,,24.17,0,3.67,4.81,83.85,1.84,-12738.79806,-13385.68182,1.31,1.91,0,2.41,87.97,1.31,-13388.8233
OTOF,950-1095,SWISSMODEL,,,1997,,,,19.4,1.6,16.47,3.47,86.81,2.5,-6301.440851,-6570.313158,1.04,0,0,4.17,89.58,1.06,-6578.522981
OTOF,951-1226,SWISSMODEL,,,1997,,,,22.87,0.42,5.25,5.47,86.13,1.92,-11426.39467,-12022.13664,0.99,0,0,1.46,92.7,0.96,-12051.09155
OTOG,1244-1398,SWISSMODEL,594,2925,2925,0,0,27.83,17.45,1.63,5.42,0.65,94.12,1.85,-6253.085928,-6470.054904,0.77,0.81,0,0,96.73,0.7,-6486.411372
OTOG,1285-1398,SWISSMODEL,,,2925,,,,19.63,0,8.92,0.89,91.96,1.97,-4760.314258,-4915.9117,0.81,1.09,0,0,95.54,0.84,-4926.79032
OTOG,1880-2032,SWISSMODEL,,,2925,,,,21.77,2.61,9.37,3.97,86.09,2.45,-4972.097215,-5258.79927,1.31,1.74,0,1.99,86.09,1.32,-5309.557565
OTOG,408-511,SWISSMODEL,,,2925,,,,33.67,5.68,2.05,2.94,83.33,2.24,-4088.902803,-4335.522071,1.06,0,0,0.98,91.18,1.01,-4371.255864
OTOG,768-877,SWISSMODEL,,,2925,,,,30.53,5.43,4.65,7.41,85.19,2.45,-4836.07496,-5056.058068,1.42,3.26,0,2.78,91.67,1.39,-5066.958008
OTOG,906-982,MODBASE,,,2925,,,,47,4.48,78.36,0,96,3.13,-2999.105961,-3162.475002,1.44,5.97,0,0,97.33,1.22,-3184.01812
OTOGL,1242-1352,SWISSMODEL,500,2332,2332,887,174,5.87,27.27,1,5.03,0.92,93.58,1.69,-5058.921726,-5228.192348,0.64,1,0,0.92,96.33,0.75,-5255.675606
OTOGL,394-470,SWISSMODEL,,,2332,,,,38.67,10.45,7.51,5.33,86.67,2.81,-3138.396678,-3303.839438,0.93,1.49,0,1.33,93.33,1.07,-3315.851207
OTOGL,480-602,SWISSMODEL,,,2332,,,,13.04,0,10.2,3.31,90.08,2.08,-4681.904822,-4910.785194,1.07,0.93,0,1.65,85.95,1.14,-4924.048627
OTOGL,724-827,SWISSMODEL,,,2332,,,,27.84,5.32,4.61,3.92,88.24,2.38,-4142.001115,-4361.774863,0.98,2.13,0,1.96,86.27,1.39,-4399.412296
OTOGL,846-935,SWISSMODEL,,,2332,,,,42.53,10.39,3.11,10.23,76.14,2.66,-3161.110721,-3337.469943,1.47,2.6,0,1.14,85.23,1.47,-3344.743962
P2RX2,120-178,MODBASE,58,471,471,213,20,22.29,56,4.08,82.64,0,98.25,2.85,-2370.780914,-2494.83942,1.53,0,0,0,94.74,0.86,-2504.029507
P2RX2-Trimer,25-381,SWISSMODEL,356,471,471,,,,51.7,0.75,4.84,0.56,94.84,1.61,-43180.54168,-45513.78087,0.9,0.54,0,0.28,93.43,0.93,-45458.829
PAX3,111-274,SWISSMODEL,475,479,479,213,183,61.17,21.6,1.36,0.37,3.09,87.04,1.36,-8938.175441,-9286.079854,0.84,0.68,0,0,94.44,0.88,-9344.486548
PAX3,112-272,SWISSMODEL,,,479,,,,24.48,1.39,6.87,2.52,85.53,2.14,-8746.003191,-9119.576967,1.1,2.78,0,1.89,93.08,1.28,-9164.321322
PAX3,112-276,SWISSMODEL,,,479,,,,24.48,4.73,6.26,4.91,86.5,2.49,-8950.34422,-9347.876164,1.26,1.35,0,1.23,92.02,1.08,-9401.07258
PAX3,124-277,SWISSMODEL,,,479,,,,21.88,4.38,4.77,4.61,88.82,2.31,-8297.608098,-8645.035853,0.95,2.19,0,0,95.39,1.08,-8708.819591
PAX3,295-476,MODBASE,,,479,,,,10,0.61,92.78,3.33,89.44,3,-5896.485013,-6456.563887,1.24,2.44,0,3.33,86.67,1.42,-6548.269676
PAX3,34-162,SWISSMODEL,,,479,,,,71.09,4.39,2.9,3.15,83.46,2.25,-5572.805917,-5749.159037,1.11,1.75,0,1.57,88.19,1.28,-5797.465385
PAX3,35-158,SWISSMODEL,,,479,,,,78.74,6.36,1.01,1.64,92.62,1.87,-5378.739965,-5588.11836,1.13,1.82,0,0.82,96.72,0.9,-5637.716564
PAX3,37-161,SWISSMODEL,,,479,,,,69.34,1.79,0,0,95.93,0.97,-5513.052341,-5701.088556,0.92,1.79,0,0,99.19,0.69,-5738.659624
PCDH15,1140-1405,SWISSMODEL,731,1955,1955,1192,345,37.24,94.97,0,0.23,0,95.08,0.93,-11351.61505,-11915.28642,0.87,1.3,0,0,95.83,0.87,-11966.14905
PCDH15,1804-1836,MODBASE,,,1955,,,,56,0,29.41,0,100,1.95,-824.4668653,-852.866972,1.32,12.9,0,0,96.77,1.54,-863.9618251
PCDH15,380-814,SWISSMODEL,,,1955,,,,30.19,0.26,4.81,1.62,92.61,1.71,-19590.68008,-20433.09925,1.04,0.79,0.15,0.92,93.3,0.99,-20467.95564
PCDH15,398-812,SWISSMODEL,,,1955,,,,93.54,3.61,0.79,0.48,94.67,1.54,-19582.55153,-20297.14707,1.09,1.39,0,0,93.7,1.03,-20371.43674
PCDH15-Dimer,28-387,SWISSMODEL,1329,1955,1955,,,,97.53,0.62,0.62,0,98.32,0.7,-36577.39892,-37623.80391,0.6,0.77,0,0.28,97.49,0.6,-37684.45953
PCDH15-Dimer,337-756,SWISSMODEL,,,1955,,,,34.87,0.96,5.37,3.11,89,1.86,-37557.1071,-39667.17279,1.13,1.64,0.08,1.32,91.87,1.19,-39943.43235
PCDH15-Dimer,400-918,SWISSMODEL,,,1955,,,,27.07,1.77,1.95,2.61,90.04,1.7,-44213.40675,-46893.62276,1.09,1.66,0,1.45,91.97,1.16,-46932.93595
PCDH15-Dimer,509-1034,SWISSMODEL,,,1955,,,,21.96,1.55,5.46,3.24,88.36,2.03,-43488.40601,-46231.82471,1.13,1.99,0,1.62,92.94,1.18,-46428.22603
PCDH15-Dimer,545-1026,SWISSMODEL,,,1955,,,,30.82,0.84,8.18,2.4,89.9,2,-39401.62959,-42246.74827,1.27,1.57,0,1.25,90.62,1.18,-42360.6682
PCDH15-Dimer,621-1136,SWISSMODEL,,,1955,,,,26.32,0.34,7.19,1.46,92.7,1.86,-42060.04068,-44950.98272,1.04,0.89,0,1.36,92.12,0.98,-45169.74336
PCDH15-Dimer,816-1357,SWISSMODEL,,,1955,,,,95.01,0.42,0.47,0.56,95.09,1,-45197.18749,-47866.307,1.03,1.16,0.12,0.28,94.07,0.99,-48093.70165
PCDH15-Heteromer,623-1139,SWISSMODEL,516,1955,1955,,,,24.8,2.42,9.2,4.52,86.03,2.42,-39595.14362,-42726.30071,1.31,2.42,0,2.31,89.39,1.36,-42772.41799
PDZD7,4-294,SWISSMODEL,290,517,517,351,157,56.09,26.98,3.32,10.52,3.46,89.27,2.51,-11934.292,-12659.14385,1.4,2.07,0,1.38,91.7,1.24,-12704.19628
PDZD7,76-170,MODBASE,,,517,,,,94,0,74.89,1.08,92.47,2.81,-3967.22103,-4238.655731,0.95,0,0,1.08,95.7,0.8,-4269.211433
PDZD7,83-293,SWISSMODEL,,,517,,,,32.95,1.14,7.81,3.83,86.12,2.11,-9072.928557,-9457.037025,1.24,2.27,0,0,91.87,1.26,-9474.97053
PDZD7,84-292,SWISSMODEL,,,517,,,,28.33,0,6.01,4.35,87.92,1.93,-8950.790319,-9392.687701,1.04,0,0,0.97,89.86,1.05,-9429.769259
PDZD7,85-293,SWISSMODEL,,,517,,,,22.7,2.87,10.11,5.31,83.57,2.56,-8877.046452,-9444.12714,1.07,2.3,0,1.93,90.82,1.3,-9456.833086
PEX1,13-179,MODBASE,824,1283,1283,464,284,27.98,89,2.08,33.67,0,97.58,2.34,-6813.343969,-7070.453065,1.01,1.39,0,0.61,93.94,1.01,-7102.248033
PEX1,405-1063,SWISSMODEL,,,1283,,,,27.51,2.41,3.25,3.04,91.02,1.93,-27332.23679,-28996.36363,1.25,2.59,0.1,0.46,94.37,1.24,-29076.05925
PEX1-Hexamer(*used monomer),405-1064,SWISSMODEL,659,1283,1283,,,,28,2.75,0.76,4.26,86.02,1.72,-26998.70623,-28593.95834,1.21,1.55,0,1.06,88.45,1.23,-28770.2937
PEX6,202-975,SWISSMODEL,774,980,980,376,340,48.47,29.26,2.2,5.11,3.76,87.82,2.13,-30173.01448,-32137.26951,1.23,2.51,0,2.07,90.8,1.33,-32131.2335
PEX6,203-976,SWISSMODEL,,,980,,,,27.34,1.72,15.06,3.76,89.9,2.41,-29687.16061,-32274.78706,1.37,2.51,0.09,1.94,91.19,1.35,-32408.08271
PEX6,757-935,MODBASE,,,1283,,,,47,1.99,111.88,5.65,86.44,3.37,-7146.976065,-7641.34672,1.7,5.3,0,2.82,87.01,1.67,-7708.583561
PEX6-Hexamer(*used monomer),202-979,SWISSMODEL,777,1283,1283,,,,29,2.5,0.85,3.87,86.86,1.69,-30409.86918,-32150.93546,1.36,2.66,0,2.58,90.98,1.34,-32276.2256
PEX6-Hexamer(*used monomer),435-930,SWISSMODEL,,,1283,,,,19,2.49,3.48,4.05,86.44,2.07,-18814.24858,-19979.37208,1.1,1.25,0,2.63,89.68,1.13,-20024.71906
PJVK,1-236,SWISSMODEL,235,352,352,134,88,6.82,22.71,0.98,12.08,2.14,89.32,2.16,-9790.253097,-10351.60974,1.02,0.49,0.27,1.28,94.02,1,-10355.57048
PJVK,27-95,MODBASE,,,352,,,,30,6.35,61.84,1.49,92.54,3.34,-3121.044547,-3240.45429,1.79,3.17,0,1.49,85.07,1.54,-3311.636497
PNPT1,45-754,MODBASE,709,783,783,291,253,30.52,37,3.8,125.4,3.39,86.86,3.63,-28238.18339,-30742.02038,1.66,3.47,0,2.82,88.98,1.49,-30994.57238
PNPT1,606-752,SWISSMODEL,,,783,,,,17.91,1.57,3.44,2.07,92.41,1.76,-6502.936491,-6738.47134,0.79,0.79,0,0.69,95.86,0.79,-6744.386859
PNPT1-Heteromer,45-749,SWISSMODEL,704,783,783,,,,38.19,1.91,4.05,1.43,93.2,1.84,-85144.13341,-89707.88657,1.13,1.85,0.03,0.64,94.28,1.1,-89951.07358
PNPT1-Trimer,43-744,SWISSMODEL,701,783,783,,,,34.29,1.51,3.49,2.52,90.1,1.82,-88386.97394,-92911.04594,1.11,1.17,0.09,1.57,92.29,1.07,-93356.95178
PNPT1-Trimer,45-593,SWISSMODEL,,,783,,,,38.72,1.36,2.27,2.74,90.49,1.64,-70064.49565,-73225.9228,0.97,1.36,0.27,0.91,91.41,1.21,-73893.78684
POLR1C,40-340,MODBASE,300,346,346,181,147,28.03,47,1.88,84.54,0.33,97.32,2.73,-13874.71523,-14448.24136,1.12,2.63,0,0.33,95.99,1.1,-14514.70701
POLR1C,51-332,SWISSMODEL,,,346,,,,34.69,0.81,8.46,2.14,90.71,1.99,-12663.51277,-13179.39226,1.11,1.21,0,2.14,92.86,1.02,-13196.0481
POLR1D,20-120,SWISSMODEL,100,133,133,100,89,36.09,50,2.22,2.52,3.03,90.91,1.82,-4829.218926,-5016.724022,1.17,1.11,0,1.01,90.91,1.06,-5027.742938
POU3F4,187-338,SWISSMODEL,151,361,361,100,35,53.19,63.23,2.96,0.81,0.67,92.67,1.57,-6883.422209,-7131.604186,0.5,0,0,0,98,0.5,-7156.863304
POU3F4,188-338,MODBASE,,,361,,,,87,3.73,177.48,2.01,94.63,3.51,-6419.513355,-6965.985399,1.3,2.99,0,2.01,94.63,1.23,-7009.590429
POU3F4,190-331,SWISSMODEL,,,361,,,,41.89,3.2,3.49,0.71,95,1.87,-6367.046121,-6596.362933,0.89,1.6,0,0,97.86,0.69,-6623.253681
POU3F4,194-336,SWISSMODEL,,,361,,,,62.41,5.56,4.27,2.13,92.91,2.23,-6359.231384,-6627.67739,0.73,0,0,0.71,94.33,0.89,-6638.383825
POU4F3,180-333,SWISSMODEL,153,338,338,178,59,53.55,48.99,0,3.58,3.29,90.79,1.67,-7176.660343,-7447.469664,0.82,0.76,0,0.66,95.39,0.82,-7467.150384
POU4F3,183-327,SWISSMODEL,,,338,,,,38.51,3.28,2.56,2.8,89.51,1.99,-6600.180482,-6879.277491,1.08,1.64,0,0.7,93.71,1.08,-6925.45374
POU4F3,183-331,SWISSMODEL,,,338,,,,38.51,3.17,5.35,0.68,94.56,2.04,-6852.234845,-7128.3724,0.72,0.79,0,0.68,96.6,0.72,-7176.177298
POU4F3,184-333,SWISSMODEL,,,338,,,,49.66,3.15,2.85,1.35,95.95,1.73,-6889.207505,-7091.660291,1.02,0.79,0,0,95.27,0.83,-7128.308821
PRPS1,3-318,MODBASE,315,318,318,39,39,17.92,48,4.48,127.69,3.5,90.76,3.59,-12861.61852,-13786.3659,1.65,4.85,0.2,2.23,91.72,1.6,-13881.79371
PTPRQ,2013-2328,SWISSMODEL,1079,2332,2332,369,182,22.34,39.42,0.7,6.16,1.59,92.04,1.82,-13981.36268,-14579.31757,1.12,1.41,0,0.64,93.63,1.03,-14648.03935
PTPRQ,614-894,SWISSMODEL,,,2332,,,,17.13,0.77,8.24,2.15,87.1,2.07,-11639.19927,-12353.11139,1.23,1.15,0,1.43,93.19,0.99,-12400.27183
PTPRQ,711-988,SWISSMODEL,,,2332,,,,19.06,2.72,1.36,3.26,89.13,1.77,-11167.89468,-11778.07728,1.43,2.33,0,1.81,91.3,1.29,-11814.13382
PTPRQ,714-1091,SWISSMODEL,,,2332,,,,18.06,0.57,8.04,3.46,90.43,1.98,-14577.66725,-15556.73036,1.04,0.86,0,1.33,91.76,1,-15614.35915
PTPRQ,797-993,MODBASE,,,2332,,,,13,3.33,107.52,3.08,86.67,3.52,-7577.963788,-8151.666867,1.71,3.33,0,1.54,82.05,1.6,-8267.208059
PTPRQ,948-1378,SWISSMODEL,,,2332,,,,18.72,2.53,11.98,2.1,86.71,2.53,-15894.04525,-17026.7199,1.23,1.27,0,2.1,90.44,1.11,-17136.20428
PTPRQ-Dimer,571-898,SWISSMODEL,421,2332,2332,,,,17.25,3.62,14.17,5.06,88.65,2.67,-25571.82023,-28010.84275,1.19,2.14,0,1.69,89.57,1.31,-28097.56345
PTPRQ-Dimer,664-992,SWISSMODEL,,2332,2332,,,,18.26,0.99,3.19,3.98,91.13,1.63,-26754.80216,-28568.75598,1.11,1.32,0,1.68,92.66,1.05,-28679.83641
RDX,3-583,SWISSMODEL,580,583,583,217,216,54.37,59.09,0.78,3.01,1.04,97.75,1.15,-31483.40297,-32564.93238,0.64,0.58,0,0.17,97.58,0.59,-32700.66023
RDX,337-445,SWISSMODEL,,,583,,,,16.84,0,1.1,3.74,91.59,1.32,-6936.128514,-7081.96207,0.88,0,0,0,94.39,0.88,-7093.257114
RDX,497-583,SWISSMODEL,,,583,,,,71.26,1.3,0,0,100,0.59,-4967.97847,-5061.727634,0.5,0,0,0,100,0.5,-5082.641059
RIPOR2 (FAM65B),1011-1065,MODBASE,233,1068,1068,255,37,45.97,19,4.26,113.61,1.89,94.34,3.38,-2734.911677,-2826.211809,0.98,4.26,0,0,98.11,0.98,-2850.64917
RIPOR2 (FAM65B),832-1036,SWISSMODEL,,,1068,,,,13.61,1.09,7.69,2.46,92.61,1.91,-8316.027306,-8738.687622,1.08,1.09,0,0.49,93.1,0.97,-8758.206649
RIPOR2 (FAM65B),883-1032,SWISSMODEL,,,1068,,,,14.38,0.75,8.36,2.7,91.22,1.97,-6129.71258,-6457.096727,1.19,1.49,0.42,0.68,93.92,1.19,-6490.870319
ROR1,442-742,SWISSMODEL,307,937,937,271,94,29.24,38.44,0.75,8.53,5.69,86.29,2.1,-12934.42835,-13649.00621,1.23,1.49,0,1.67,92.31,1.11,-13705.74869
ROR1,464-749,MODBASE,,,937,,,,70,0.78,52.34,0.7,95.42,2.51,-12451.62789,-12979.29684,1.11,0.39,0,0,94.01,0.9,-13090.58811
ROR1,467-749,SWISSMODEL,,,937,,,,39.22,1.19,3.75,1.42,93.95,1.63,-12334.66871,-12873.54188,0.82,0.4,0,1.07,96.09,0.77,-12938.6709
S1PR2,6-301,MODBASE,296,353,353,144,107,,52,1.97,90.68,0.68,94.56,3.02,-9461.438732,-10061.11134,1.33,2.36,0,1.36,94.22,1.17,-10159.4426
S1PR2,7-302,SWISSMODEL,,,353,,,17.56,51.85,1.18,4.24,0.68,94.9,1.61,-9722.295409,-10241.84009,0.51,0.79,0,0.34,97.62,0.58,-10288.57706
SERPINB6,3-376,SWISSMODEL,373,376,376,174,170,20.21,48.27,2.45,3.39,0,98.39,1.43,-16873.96607,-17515.69884,0.78,0.31,0.17,0.27,96.77,0.77,-17578.22902
SERPINB6,347-376,MODBASE,,,376,,,,55,0,37.58,3.57,92.86,2.51,-1152.516215,-1207.796335,1.5,3.7,0,0,96.43,1.17,-1229.008662
SIX5,129-259,SWISSMODEL,173,739,739,276,38,80.65,21.19,0.93,2.28,5.43,86.05,1.65,-6175.021222,-6398.882345,1.05,0.93,0,1.55,89.15,1.07,-6431.998296
SIX5,222-255,MODBASE,,,739,,,,56,0,46.71,0,100,2.15,-1675.266999,-1739.552244,0.5,0,0,0,100,0.5,-1752.580272
SIX5,86-257,SWISSMODEL,,,739,,,,61.63,2.14,1.06,1.18,95.88,1.34,-8061.037588,-8251.107694,0.62,1.43,0,1.18,98.24,0.62,-8269.427858
SLC17A8,78-520,MODBASE,442,589,589,214,137,17.49,10,3.59,163.18,2.27,94.56,3.47,-13946.2853,-15283.29385,1.56,3.87,0,1.59,90.7,1.48,-15416.53179
SLC22A4,150-217,MODBASE,282,551,551,190,30,11.62,35,1.72,101.4,4.55,89.39,3.22,-2027.870647,-2163.219795,1,1.72,0,0,90.91,1.2,-2174.699554
SLC26A4,516-562,SWISSMODEL,215,780,780,596,165,18.85,33.9,0,0,0,95.56,0.81,-1945.742376,-2011.789811,1.2,2.38,0,0,97.78,0.84,-2021.955329
SLC26A4,516-727,MODBASE,,,780,,,,39,5.18,110.72,2.38,90.95,3.57,-8510.947469,-9397.55111,1.7,4.15,0,1.43,90.48,1.5,-9491.823227
SLC26A4,655-731,SWISSMODEL,,,780,,,,34.62,0,3.97,0,97.33,1.31,-3452.132408,-3541.432056,0.5,0,0,0,98.67,0.5,-3562.956006
SLC26A5,505-718,MODBASE,213,744,744,351,98,17.34,93,2.78,40.18,0,97.64,2.5,-9148.249607,-9639.281944,1.24,2.22,0,0,96.7,0.97,-9774.35497
SLC26A5,638-718,SWISSMODEL,,,744,,,,92.68,0,0,0,100,0.5,-3457.976336,-3540.628669,0.61,0,0,0,94.94,0.85,-3571.738214
SLITRK6,31-267,MODBASE,473,841,841,320,152,29.61,53,4.19,70.55,0.85,92.34,3.27,-9795.96258,-10353.82054,1.34,3.72,0,0.43,93.19,1.37,-10395.81804
SLITRK6,330-567,SWISSMODEL,,,841,,,,46.86,1.34,2.09,0.85,91.95,1.56,-10003.81367,-10441.48838,1.03,2.23,0,2.12,93.22,1.2,-10453.2921
SMPX,Jun-75,MODBASE,69,88,88,23,22,53.41,31,3.45,66.48,1.47,97.06,2.87,-2975.177351,-3102.341257,1.44,3.45,0,0,92.65,1.37,-3157.798086
SMPX,13-42,SWISSMODEL,,,88,,,,33.33,4.35,4.42,21.43,64.29,2.59,-1232.875567,-1305.482182,1.25,0,0,3.57,78.57,1.25,-1313.03938
SNAI2,124-263,SWISSMODEL,140,268,268,71,25,27.24,36.5,3.17,1.79,0,92.75,1.78,-7367.524544,-7635.987712,1.01,0,0,0.72,91.3,1.01,-7643.961986
SNAI2,125-263,SWISSMODEL,,,268,,,,29.58,4,3.16,2.92,88.32,2.16,-6887.696895,-7163.263377,1.05,0.8,0,2.92,92.7,0.96,-7244.364709
SNAI2,126-263,SWISSMODEL,,,268,,,,34.06,7.2,4.09,6.62,81.62,2.56,-6107.162316,-6449.652169,0.99,1.6,0,2.21,92.65,1.12,-6492.471628
SNAI2,129-262,SWISSMODEL,,,268,,,,42.75,0.82,4.66,2.27,92.42,1.71,-7381.125977,-7653.019952,1.27,0,0,3.79,88.64,1.08,-7646.15166
SNAI2,158-264,MODBASE,,,268,,,,87,8.25,47.51,0.95,95.24,3.18,-4708.723154,-4967.278984,1.36,3.09,0,0.95,93.33,1.31,-5007.632087
SOX10,102-173,MODBASE,71,466,466,135,17,75.97,96,3.12,34.04,0,98.57,2.39,-3771.958478,-3880.392403,0.88,3.12,0,0,100,0.88,-3907.168257
STRC,859-1074,MODBASE,215,1775,1775,325,6,29.75,31,4.35,176.85,5.14,82.71,3.89,-7392.044402,-8094.101081,1.69,4.35,0.3,3.74,85.05,1.75,-8165.916592
SYNE4,100-201,SWISSMODEL,225,404,404,156,89,54.46,8,1.28,0.62,3,94,1.19,-4392.20292,-4523.515964,0.93,1.28,0,1,96,0.86,-4539.330073
SYNE4,122-249,SWISSMODEL,,,404,,,,10.43,1,3.57,1.59,92.06,1.63,-5385.378576,-5568.018573,0.88,1,0,2.38,92.86,0.95,-5588.683541
SYNE4,24-202,SWISSMODEL,,,404,,,,11.43,1.44,7.08,1.13,92.66,1.97,-7712.270315,-8028.468206,0.89,0.72,0,0.56,96.05,0.77,-8075.28076
SYNE4,25-195,SWISSMODEL,,,404,,,,13.71,0.76,3.54,4.14,86.98,1.77,-7379.360731,-7669.707804,1.06,1.52,0,1.18,93.49,1.06,-7692.950465
SYNE4,41-253,MODBASE,,,404,,,,21,4.76,124.45,1.42,94.31,3.46,-8804.743268,-9468.698115,1.54,4.17,0,0.47,92.89,1.42,-9519.9722
TBC1D24,124-292,SWISSMODEL,498,559,559,244,218,11.09,15,0.68,6.24,1.8,91.62,1.84,-6910.311106,-7196.956153,1.14,2.05,0,0.6,96.41,0.98,-7245.65021
TBC1D24,27-310,SWISSMODEL,,,559,,,,26.88,1.22,8.77,0.35,93.97,1.94,-11757.11201,-12289.7606,0.84,0.81,0,0,95.74,0.8,-12335.3384
TBC1D24,339-554,SWISSMODEL,,,559,,,,33.74,0.55,6.28,5.14,84.58,2.01,-8822.862585,-9310.747421,1.11,1.09,0,0,91.59,1.03,-9293.546235
TBC1D24,442-522,MODBASE,,,559,,,,38,1.56,71.07,1.27,94.94,2.82,-3175.682436,-3334.691733,1.39,1.56,0,0,93.67,1.07,-3347.270374
TBX1,37-79,MODBASE,42,398,398,196,1,36.43,53,0,39.86,0,95.12,2.42,-1393.197155,-1455.039301,1.1,7.14,0,2.44,87.8,1.75,-1457.504641
TCOF1,302-465,MODBASE,163,1488,1488,610,80,92.27,20,4.59,49.77,0,98.77,2.68,-7143.747157,-7528.954498,1.35,2.75,0,1.23,96.3,1.08,-7581.406403
TECTA,1801-2066,SWISSMODEL,499,2155,2155,893,180,6.87,17.76,0.84,9.4,1.52,96.21,1.75,-11250.02605,-11803.27506,1.04,0.42,0,0.38,94.7,0.86,-11843.55699
TECTA,584-691,SWISSMODEL,,,2155,,,,27.55,6.32,0.66,1.89,91.51,1.83,-4183.964512,-4354.26264,0.9,0,0,2.83,95.28,0.83,-4373.29989
TECTA,973-1078,SWISSMODEL,,,2155,,,,28.87,3.09,2.6,3.85,87.5,2.03,-4550.774426,-4743.663649,0.95,1.03,0,0.96,93.27,0.95,-4786.393052
TECTA,993-1100,SWISSMODEL,,,2155,,,,19,5.26,2.61,1.89,94.34,1.98,-4792.7101,-4974.378312,1.29,1.05,0.65,0.94,95.28,1.06,-4991.636822
TECTA-Heteromer,1772-2085,SWISSMODEL,313,2155,2155,,,,36.84,0.37,4.22,1.33,94.52,1.58,-26318.22217,-27561.54161,0.93,0.55,0,0.17,94.68,0.87,-27657.2336
TECTB,188-280,MODBASE,259,329,329,158,121,8.21,37,4.71,85.75,5.49,87.91,3.51,-3739.656464,-3991.580791,1.45,1.18,0,2.2,84.62,1.22,-4026.46199
TECTB,27-286,SWISSMODEL,,,329,,,,17.48,0.86,7.05,3.1,88.37,1.98,-10322.38616,-10861.14848,1.24,3,0,0.78,90.7,1.39,-10944.05319
TECTB-Dimer,27-287,SWISSMODEL,260,329,329,,,,22.49,0.64,6.42,1.54,91.12,1.87,-20632.12069,-22056.55844,1.2,2.35,0,0.97,92.66,1.24,-22097.7992
TIMM8A,27-84,SWISSMODEL,57,97,97,16,8,32.99,41.94,1.82,0,0,94.64,1.07,-2827.67005,-2905.68261,0.5,0,0,0,100,0.5,-2916.375171
TJP2,23-132,MODBASE,485,1190,1190,556,194,57.14,93,2.2,62.02,0.93,93.52,2.95,-4665.02219,-4928.366058,1.14,1.1,0,0.93,93.52,0.96,-4961.446325
TJP2,24-127,SWISSMODEL,,,1190,,,,97.12,2.3,1.25,3.92,84.31,1.79,-4549.089828,-4765.220418,1.03,0,0,0.98,93.14,0.94,-4803.095908
TJP2,511-887,SWISSMODEL,,,1190,,,,66.59,1.88,1.34,2.13,93.87,1.48,-17177.8704,-17892.14042,1.01,0.62,0,0.53,94.93,0.85,-17936.63778
TMC1,68-137,MODBASE,69,760,760,290,18,22.76,36,4.92,67.17,2.94,94.12,3.22,-4278.301241,-4446.333777,1.29,3.28,0,0,92.65,1.35,-4505.954198
TMEM132E,337-460,SWISSMODEL,297,984,984,389,109,37.4,17.86,1.82,3.63,3.28,86.07,1.99,-4880.510959,-5092.112991,1.04,0,0,1.64,91.8,0.99,-5098.015889
TMEM132E,532-706,MODBASE,,,984,,,,29,2.68,102.3,1.73,93.64,3.22,-6238.408252,-6766.746341,0.92,0.67,0,0,93.64,0.92,-6809.730289
TMEM132E,542-675,SWISSMODEL,,,984,,,,21.43,0.87,3.97,2.27,93.18,1.62,-4704.337284,-4909.248711,1.02,0,0,2.27,91.67,1,-4920.921975
TMIE,Jan-48,MODBASE,47,156,156,72,16,50.64,48,0,34.74,0,95.65,2.33,-1477.670197,-1564.669553,0.91,3.03,0,0,97.83,0.91,-1560.683583
TMPRSS3,105-451,SWISSMODEL,346,454,454,250,199,7.05,39.94,1.03,4.58,1.16,91.01,1.76,-13588.79972,-14210.53047,0.93,1.03,0.19,0.87,93.62,1.01,-14260.36512
TMPRSS3,242-446,MODBASE,,,454,,,,50,3.53,108.62,5.91,85.22,3.57,-7273.73734,-7830.3109,1.62,3.53,0,2.96,85.22,1.57,-7949.331924
TNC,1043-1340,SWISSMODEL,1948,2201,2201,969,850,34.12,24.49,2.44,6.18,1.35,92.91,2.09,-12396.62423,-12907.75539,1.32,3.66,0,1.01,94.26,1.32,-12942.88861
TNC,1132-1420,SWISSMODEL,,,2201,,,,22.86,2.1,11.72,1.74,90.59,2.36,-11402.42391,-12045.1304,1.36,2.94,0,0.35,91.99,1.34,-12101.85726
TNC,1223-1511,SWISSMODEL,,,2201,,,,23.4,0.81,4.55,0.7,90.59,1.76,-11786.16645,-12282.5483,1.3,1.63,0,0.7,89.55,1.22,-12298.43824
TNC,1254-1603,SWISSMODEL,,,2201,,,,27.08,3.02,1.5,3.45,89.08,1.83,-13972.2087,-14685.79404,1.28,2.01,0,1.72,92.53,1.2,-14704.17795
TNC,1545-1885,SWISSMODEL,,,2201,,,,28.82,1.03,4.97,2.06,93.81,1.68,-13941.24116,-14549.89741,0.95,1.03,0,0.88,93.22,0.95,-14575.78455
TNC,1580-1878,SWISSMODEL,,,2201,,,,15.54,1.18,5.23,3.03,88.89,1.91,-12200.97185,-12750.31585,0.98,0,0,1.01,92.26,0.98,-12768.27807
TNC,1585-1886,SWISSMODEL,,,2201,,,,16.72,0.78,11.04,2.33,92.67,2.02,-12162.46039,-12844.75627,1.08,1.17,0.22,1.33,93,1.08,-12897.68424
TNC,1620-1968,SWISSMODEL,,,2201,,,,24.64,0.66,5.63,2.02,92.8,1.76,-14168.53706,-14853.67255,0.93,1,0,0.29,93.95,0.9,-14873.07322
TNC,1620-1975,SWISSMODEL,,,2201,,,,24.16,0.98,6.99,3.67,90.96,1.91,-14342.97336,-15010.6211,1.15,1.95,0,1.69,92.09,1.2,-15032.24332
TNC,1625-1797,MODBASE,,,2201,,,,49,3.33,81.93,0.58,97.08,2.94,-6989.310354,-7392.648546,0.89,2.67,0,0,95.91,1.11,-7495.387491
TNC,175-374,SWISSMODEL,,,2201,,,,39.2,1.2,1.48,1.01,89.9,1.5,-9304.264808,-9742.868171,1.05,0,0,0,89.9,1.05,-9766.584824
TNC,1980-2191,SWISSMODEL,,,2201,,,,39.6,0.57,5.15,0.95,94.29,1.66,-10212.48347,-10586.90303,0.86,0.57,0,0,95.24,0.83,-10599.74786
TNC,206-425,SWISSMODEL,,,2201,,,,38.13,1.1,1.68,0.92,91.28,1.46,-10407.74688,-10797.84518,1.06,1.66,0,0,91.28,1.18,-10818.11261
TNC,237-498,SWISSMODEL,,,2201,,,,38.08,0.46,5.59,3.85,86.15,1.94,-12678.02547,-13254.12736,1.06,0.46,0,0.38,87.31,1.11,-13290.20458
TNC,297-560,SWISSMODEL,,,2201,,,,33.22,0,3.63,2.67,85.11,1.81,-12970.86647,-13545.25843,1.01,0.45,0,0.38,91.6,1,-13576.62923
TNC,300-529,SWISSMODEL,,,2201,,,,40.32,1.05,7.35,0.44,90.79,1.95,-11412.65644,-11812.80526,1.03,0,0,0.88,92.11,0.98,-11821.35795
TNC,623-974,SWISSMODEL,,,2201,,,,29.28,0.32,7.06,1.14,92,1.88,-16127.06097,-16826.79427,0.84,0.32,0,0.29,94.29,0.89,-16856.74689
TNC,623-983,SWISSMODEL,,,2201,,,,29.49,0.63,22.15,0.84,92.2,2.32,-16255.07076,-17072.32638,1.06,1.58,0,0.56,94.43,1.03,-17087.80144
TNC,625-893,SWISSMODEL,,,2201,,,,13.6,0.41,19.47,3.37,86.52,2.42,-11983.81127,-12582.99446,0.99,1.65,0,1.87,91.76,1.16,-12615.37494
TNC,712-1063,SWISSMODEL,,,2201,,,,25.71,0.65,7.42,1.43,92.29,1.88,-16105.36953,-16716.45224,1,1.95,0,0.86,93.43,1.15,-16762.76109
TNC,712-1071,SWISSMODEL,,,2201,,,,23.53,1.27,10.27,1.12,91.62,2.11,-16260.64663,-17063.11683,0.97,0.96,0,0.84,93.3,0.94,-17086.75029
TNC,766-984,SWISSMODEL,,,2201,,,,28.47,3.21,11.92,4.15,85.71,2.62,-9507.499577,-10153.5504,1.03,2.14,0,4.15,90.78,1.28,-10175.25034
TNC,854-1147,SWISSMODEL,,,2201,,,,29.31,1.21,4.4,2.05,93.15,1.72,-12802.49473,-13342.94107,0.87,1.21,0,1.03,95.89,0.85,-13386.34402
TNC,854-1162,SWISSMODEL,,,2201,,,,25.25,0.77,5.87,2.28,90.55,1.85,-13259.80152,-13870.19013,1.23,1.54,0,0.98,92.83,1.1,-13919.21787
TNC,893-1235,SWISSMODEL,,,2201,,,,26.49,0,1.52,0.88,91.5,1.4,-14380.96381,-15015.9078,1.21,1.42,0,0.88,92.38,1.09,-15036.87835
TPRN,159-189,MODBASE,30,711,711,227,1,73.98,68,0,35.26,0,96.55,2.25,-873.7658686,-906.3380882,1.57,9.52,0,0,93.1,1.69,-913.3728611
TRIOBP,1807-1887,MODBASE,375,2365,2365,1333,0,80.59,42,1.39,83.96,1.27,89.87,3.05,-3867.356131,-4040.635977,1.23,2.78,0,1.27,93.67,1.26,-4083.525414
TRIOBP,2065-2251,SWISSMODEL,,,2365,,,,16.95,0,2.99,1.62,94.05,1.49,-9877.053038,-10255.57376,0.7,0.62,0,1.08,96.76,0.7,-10281.07235
TRIOBP,2072-2355,SWISSMODEL,,,2365,,,,13.08,0,4.13,1.42,91.84,1.69,-14628.95765,-15145.68954,1.03,1.2,0,1.42,91.84,1.05,-15173.86911
TRIOBP,2113-2332,SWISSMODEL,,,2365,,,,12.11,2.03,0.56,1.83,93.12,1.37,-11556.27528,-12002.36268,0.91,1.02,0,0,93.58,0.93,-12051.76829
TRIOBP,2115-2255,SWISSMODEL,,,2365,,,,13.57,0.8,2.17,0,97.12,1.15,-7853.074763,-8040.746818,0.5,0,0,0.72,97.84,0.54,-8058.028343
TRIOBP,2115-2262,SWISSMODEL,,,2365,,,,14.97,0,4.96,0.68,95.21,1.59,-8036.336212,-8259.601137,0.5,0,0,0,98.63,0.5,-8299.321618
TRIOBP,2115-2263,SWISSMODEL,,,2365,,,,18.52,0.76,1.23,0.68,95.24,1.17,-8075.601108,-8340.977109,0.83,0.76,0,0,97.28,0.64,-8356.363652
TRIOBP,2115-2321,SWISSMODEL,,,2365,,,,13.4,0,3.86,0.49,96.59,1.39,-10939.76104,-11341.09453,0.59,0,0,0,96.59,0.72,-11368.16492
TRIOBP,2117-2335,SWISSMODEL,,,2365,,,,22.63,0,3.36,2.76,91.24,1.64,-11507.78064,-11862.81916,0.94,0,0,0.92,91.71,1,-11940.13719
TRIOBP,2127-2345,SWISSMODEL,,,2365,,,,12.06,2.54,6.11,2.3,92.17,2.12,-11779.00942,-12240.24752,0.82,0,0,0.46,95.85,0.79,-12283.38513
TRIOBP,2129-2349,SWISSMODEL,,,2365,,,,16.1,1.01,1.37,3.2,87.21,1.49,-11590.46353,-12077.60852,0.94,0.51,0,1.37,92.69,0.96,-12131.63091
TRIOBP,2130-2287,SWISSMODEL,,,2365,,,,8.16,0,7.07,1.28,94.23,1.78,-8328.238209,-8643.861477,0.7,0,0,0,96.79,0.7,-8722.63541
TRIOBP,2130-2324,SWISSMODEL,,,2365,,,,18.89,0,1.57,2.59,92.75,1.36,-10347.82419,-10701.51425,0.94,0.58,0,0,93.78,0.91,-10727.58086
TRIOBP,2137-2335,SWISSMODEL,,,2365,,,,11.11,2.26,4.32,3.55,90.36,2.02,-10214.41067,-10647.31142,0.95,1.13,0,1.52,93.91,0.95,-10701.97527
TRIOBP,2154-2317,SWISSMODEL,,,2365,,,,11.89,0,7.53,1.85,93.83,1.82,-8474.530585,-8801.537733,0.6,0.69,0,0.62,96.91,0.68,-8854.400191
TRIOBP,2166-2311,SWISSMODEL,,,2365,,,,17.27,0,0.84,0,94.44,1.14,-7682.415339,-7924.663035,0.64,0,0,0.69,97.22,0.64,-7998.451941
TRIOBP,2188-2350,SWISSMODEL,,,2365,,,,13.61,2.01,11.86,3.73,90.06,2.37,-8608.906628,-9061.728903,0.88,0.67,0,0.62,94.41,0.88,-9076.936555
TRIOBP,2190-2360,SWISSMODEL,,,2365,,,,18.24,0.65,7.47,1.78,89.94,1.96,-8924.891478,-9358.445208,0.79,1.29,0,0.59,95.27,0.91,-9368.681971
TRIOBP,2200-2355,SWISSMODEL,,,2365,,,,10,0.71,4.28,2.6,92.21,1.69,-8213.127791,-8503.350232,0.89,0,0,0,94.16,0.89,-8548.803173
TSPEAR,106-160,MODBASE,54,669,669,2873,415,14.8,42,4.26,92.45,1.89,92.45,3.38,-2148.606221,-2254.412838,1.33,2.13,0,0,90.57,1.28,-2283.72479
TWNK,174-631,SWISSMODEL,574,684,684,276,227,33.19,19,0.5,14.05,2.85,88.6,2.24,-19079.6603,-20353.64257,1.01,1,0,0.44,90.57,1.03,-20395.35749
TWNK,404-453,MODBASE,,,684,,,,36,0,31.83,0,97.92,2.01,-2036.693552,-2110.533986,0.52,0,0,0,97.92,0.52,-2141.696184
TWNK,57-359,SWISSMODEL,,,684,,,,17.88,2.33,15.47,3.32,89.04,2.55,-12491.6093,-13316.85184,1.36,2.71,0,0,93.36,1.26,-13352.52647
USH1C,108-301,SWISSMODEL,301,552,552,494,151,38.77,22.09,2.42,9.86,3.12,90.1,2.35,-7836.332708,-8176.157877,0.98,0.61,0,1.04,92.71,0.96,-8230.812544
USH1C,300-383,MODBASE,,,552,,,,18,1.3,32.06,0,100,2.08,-5397.146984,-5558.930788,0.59,2.6,0,0,100,0.81,-5648.605542
USH1C,82-291,SWISSMODEL,,,552,,,,35.26,1.68,11.24,6.25,85.58,2.39,-8556.781607,-8942.106617,1.04,1.12,0,1.92,90.87,1.06,-8985.895049
USH1C,83-281,SWISSMODEL,,,552,,,,33.33,0.59,8.88,3.55,85.79,2.12,-8280.326062,-8622.951752,1.16,1.18,0,3.05,90.86,1.08,-8686.030523
USH1C,86-281,SWISSMODEL,,,552,,,,33.96,6.59,7.06,4.64,80.41,2.74,-7865.191115,-8379.537773,1.09,1.8,0,2.06,90.21,1.24,-8398.799423
USH1G,1-157,SWISSMODEL,238,461,461,228,94,49.02,31.37,0,9.29,1.94,94.19,1.89,-7572.732896,-7791.786842,0.7,0.76,0,0,96.13,0.76,-7813.567785
USH1G,1-166,SWISSMODEL,,,461,,,,24.2,2.14,2.63,0.61,95.12,1.64,-8160.690886,-8453.836366,0.71,0.71,0,0,96.95,0.68,-8479.819725
USH1G,2-161,SWISSMODEL,,,461,,,,36.54,0,3.95,2.53,93.04,1.63,-7839.432267,-8096.848772,0.81,0,0,0.63,96.2,0.76,-8128.71768
USH1G,388-461,MODBASE,,,461,,,,99,0,31.75,0,95.83,2.27,-3532.392607,-3619.570452,0.64,1.54,0,0,98.61,0.64,-3630.986587
USH2A,1509-1893,SWISSMODEL,1447,5202,5202,2580,746,19.07,24.93,1.85,13.01,3.13,89.03,2.4,-15049.7404,-16012.69519,1.3,1.85,0,1.04,90.6,1.24,-16074.76409
USH2A,2325-2921,SWISSMODEL,,,5202,,,,17.05,3.35,9.92,4.71,86.89,2.54,-20997.60915,-22632.65618,1.56,3.35,0.22,3.36,88.24,1.58,-22643.89157
USH2A,2326-2921,SWISSMODEL,,,5202,,,,19.07,2.24,6.81,3.87,87.21,2.26,-20939.32986,-22719.24502,1.32,3.36,0,3.03,88.72,1.48,-22746.31473
USH2A,2327-2816,SWISSMODEL,,,5202,,,,16.7,2.06,10.47,5.33,86.48,2.41,-16756.45998,-18283.90481,1.21,1.38,0.13,2.66,88.11,1.26,-18417.37719
USH2A,2409-2823,SWISSMODEL,,,5202,,,,16.85,2.16,9.44,4.36,88.86,2.33,-14460.90517,-15593.3694,1.2,1.35,0.16,1.94,90.07,1.21,-15647.64653
USH2A,287-715,SWISSMODEL,,,5202,,,,31.7,2.36,8.65,2.58,89.23,2.32,-18464.56813,-19666.24868,1.33,2.36,0,1.87,91.8,1.28,-19742.57102
USH2A,287-728,SWISSMODEL,,,5202,,,,34.98,0.76,6.29,1.36,87.27,1.96,-19133.75301,-20313.64149,1.13,1.02,0,0.23,91.59,1.01,-20375.77424
USH2A,326-728,SWISSMODEL,,,5202,,,,38.52,1.39,9.38,2.74,86.28,2.24,-17655.70322,-18610.59241,1.18,1.39,0.16,1.5,92.77,1.13,-18658.25706
USH2A,950-991,MODBASE,,,5202,,,,43,8.57,108.62,2.5,87.5,3.82,-1696.897398,-1777.5342,0.97,0,0,0,87.5,1.11,-1814.618831
WFS1,759-835,MODBASE,178,890,890,836,145,27.64,43,0,36.1,1.33,94.67,2.41,-3422.212695,-3584.144071,0.99,0,0,1.33,89.33,1.07,-3610.993576
WFS1,82-188,SWISSMODEL,,,890,,,,14.68,0,5.27,1.9,91.43,1.79,-5440.823061,-5630.137374,1.2,2.25,0,0.95,93.33,1.2,-5633.963146
WFS1,83-186,SWISSMODEL,,,890,,,,17.17,1.15,1.8,2.94,88.24,1.58,-5226.809846,-5427.643873,0.99,1.15,0,0.98,95.1,0.89,-5479.672307
WFS1,86-188,SWISSMODEL,,,890,,,,15.56,1.16,3.62,0,87.13,1.82,-5160.642612,-5332.802258,0.99,1.16,0,0.99,95.05,0.89,-5340.43399
WHRN,260-378,MODBASE,118,907,907,503,56,,97,2.06,55.43,2.56,92.31,2.93,-5267.44484,-5565.126134,1.09,1.03,0,0.85,94.02,0.91,-5615.431578
AVERAGES and SUMS,,,67106,171238,1346.080169,59197,22075,36.76194444,41.86082278,2.353333333,25.00362869,2.026772152,91.92951477,2.158318966,-15398.67174,-16286.14014,1346.080169,1.596940928,0.026012658,0.93314346,93.47951477,1.039810127,-16246.21413